City_ID,City,Country,Date,Lat,Lng,Max Temp,Humidity,Cloudiness,Wind Speed
0,Lubango,AO,2022-03-29 17:20:16,-14.9172,13.4925,65.32,63,39,6.13
1,Busselton,AU,2022-03-29 17:13:31,-33.65,115.3333,66.6,78,84,16.04
2,Tiksi,RU,2022-03-29 17:13:31,71.6872,128.8694,-1.25,96,100,5.23
3,Bud,US,2022-03-29 17:20:17,39.447,-86.1758,41.41,52,100,13.8
4,Vestmannaeyjar,IS,2022-03-29 17:20:17,63.4427,-20.2734,36.59,80,100,27.63
5,Tuktoyaktuk,CA,2022-03-29 17:14:43,69.4541,-133.0374,-19.8,99,33,6.67
6,Port Elizabeth,ZA,2022-03-29 17:20:17,-33.918,25.5701,69.1,93,0,11.5
7,Zhezkazgan,KZ,2022-03-29 17:19:49,47.8043,67.7144,28.65,63,45,22.24
8,Castro,BR,2022-03-29 17:14:39,-24.7911,-50.0119,79.36,51,16,2.35
9,Presidencia Roque Saenz Pena,AR,2022-03-29 17:20:18,-26.7852,-60.4388,98.31,29,0,12.66
10,Punta Arenas,CL,2022-03-29 17:18:18,-53.15,-70.9167,44.71,65,75,19.57
11,New Norfolk,AU,2022-03-29 17:20:18,-42.7826,147.0587,58.91,56,100,1.01
12,Kapaa,US,2022-03-29 17:10:52,22.0752,-159.319,69.19,88,20,5.75
13,Vaini,TO,2022-03-29 17:13:28,-21.2,-175.2,73.56,88,20,4.61
14,Tasiilaq,GL,2022-03-29 17:10:54,65.6145,-37.6368,28.56,74,100,15.86
15,Isangel,VU,2022-03-29 17:20:18,-19.55,169.2667,79.03,87,100,7.52
16,Diu,IN,2022-03-29 17:20:19,20.7141,70.9822,83.91,38,3,14.12
17,Hermanus,ZA,2022-03-29 17:10:59,-34.4187,19.2345,67.8,79,71,17.63
18,Ust-Nera,RU,2022-03-29 17:20:19,64.5667,143.2,-13.76,98,30,2.46
19,Viseu,PT,2022-03-29 17:16:04,40.661,-7.9097,59.29,76,96,6.15
20,Bluff,NZ,2022-03-29 17:10:55,-46.6,168.3333,54.97,91,7,5.93
21,Barrow,US,2022-03-29 17:10:02,71.2906,-156.7887,-12.98,70,0,17.27
22,East London,ZA,2022-03-29 17:20:19,-33.0153,27.9116,81.54,61,0,5.75
23,Bereda,ES,2022-03-29 17:20:19,43.2686,-7.5406,54.57,81,89,4.85
24,Saldanha,ZA,2022-03-29 17:08:31,-33.0117,17.9442,63.1,80,64,7.56
25,Leningradskiy,RU,2022-03-29 17:20:20,69.3833,178.4167,-21.23,100,27,4.16
26,Atuona,PF,2022-03-29 17:13:30,-9.8,-139.0333,78.91,79,100,17.0
27,Fatehpur,IN,2022-03-29 17:20:20,25.9333,80.8,85.37,9,2,4.34
28,Dikson,RU,2022-03-29 17:20:20,73.5069,80.5464,11.68,94,100,11.81
29,Qaanaaq,GL,2022-03-29 17:10:51,77.484,-69.3632,13.39,91,100,1.79
30,Cape Town,ZA,2022-03-29 17:17:01,-33.9258,18.4232,66.34,79,20,11.5
31,Saint George,US,2022-03-29 17:16:50,37.1041,-113.5841,55.63,74,100,4.61
32,Bambous Virieux,MU,2022-03-29 17:20:21,-20.3428,57.7575,80.85,74,40,6.91
33,Hobart,AU,2022-03-29 17:11:19,-42.8794,147.3294,59.25,86,100,2.3
34,Georgetown,MY,2022-03-29 17:13:28,5.4112,100.3354,82.33,78,20,5.75
35,Roanoke Rapids,US,2022-03-29 17:19:24,36.4615,-77.6542,45.19,45,0,9.22
36,Hamilton,US,2022-03-29 17:20:21,39.1834,-84.5333,41.76,42,100,10.36
37,Jamestown,US,2022-03-29 17:12:02,42.097,-79.2353,29.84,47,40,11.5
38,Grand Gaube,MU,2022-03-29 17:20:22,-20.0064,57.6608,81.0,76,48,1.99
39,Butaritari,KI,2022-03-29 17:10:59,3.0707,172.7902,80.91,71,34,12.82
40,Bredasdorp,ZA,2022-03-29 17:11:02,-34.5322,20.0403,65.34,71,100,12.08
41,Rikitea,PF,2022-03-29 17:09:29,-23.1203,-134.9692,77.27,70,56,3.76
42,Hambantota,LK,2022-03-29 17:20:22,6.1241,81.1185,80.24,80,46,3.78
43,Bengkulu,ID,2022-03-29 17:14:36,-3.8004,102.2655,76.5,82,100,5.39
44,Ulladulla,AU,2022-03-29 17:20:22,-35.35,150.4667,67.77,95,100,9.28
45,Ushuaia,AR,2022-03-29 17:11:00,-54.8,-68.3,44.22,66,81,7.85
46,Mataura,NZ,2022-03-29 17:10:55,-46.1927,168.8643,50.11,99,12,0.92
47,Carnarvon,AU,2022-03-29 17:14:44,-24.8667,113.6333,73.47,94,40,8.05
48,Beringovskiy,RU,2022-03-29 17:20:23,63.05,179.3167,-3.32,98,100,10.98
49,Mount Gambier,AU,2022-03-29 17:21:23,-37.8333,140.7667,57.2,65,79,7.72
50,Kahului,US,2022-03-29 17:19:47,20.8947,-156.47,74.84,72,0,7.0
51,Rio Grande,BR,2022-03-29 17:17:48,-32.035,-52.0986,93.31,53,3,11.95
52,San Cristobal,VE,2022-03-29 17:21:23,7.7669,-72.225,78.98,65,100,6.2
53,La Ronge,CA,2022-03-29 17:21:24,55.1001,-105.2842,25.02,46,0,5.75
54,Kodiak,US,2022-03-29 17:21:24,57.79,-152.4072,35.11,93,100,10.36
55,Lasa,IT,2022-03-29 17:21:24,46.6166,10.7002,54.7,86,100,2.3
56,Albany,US,2022-03-29 17:12:22,42.6001,-73.9662,33.46,38,78,4.0
57,Gat,IL,2022-03-29 17:21:24,31.61,34.7642,70.48,28,30,4.72
58,Wewak,PG,2022-03-29 17:21:25,-3.5534,143.6268,78.06,87,99,9.57
59,Pokaran,IN,2022-03-29 17:21:25,26.9167,71.9167,87.51,10,0,8.59
60,Torbay,CA,2022-03-29 17:21:25,47.6666,-52.7314,41.76,84,100,5.75
61,Havoysund,NO,2022-03-29 17:21:25,70.9963,24.6622,30.43,85,100,32.08
62,Bathsheba,BB,2022-03-29 17:21:26,13.2167,-59.5167,84.81,58,40,21.85
63,Xining,CN,2022-03-29 17:21:26,36.6167,101.7667,37.22,44,97,3.51
64,Varna,BG,2022-03-29 17:18:55,43.2167,27.9167,62.74,47,95,3.44
65,Mountain Home,US,2022-03-29 17:18:19,43.133,-115.6912,54.88,100,0,32.21
66,Saskylakh,RU,2022-03-29 17:14:45,71.9167,114.0833,-28.39,100,95,3.91
67,Ponta Do Sol,PT,2022-03-29 17:21:26,32.6667,-17.1,69.71,66,3,4.76
68,Nikolskoye,RU,2022-03-29 17:19:45,59.7035,30.7861,24.8,84,98,6.53
69,Mar Del Plata,AR,2022-03-29 17:17:14,-38.0023,-57.5575,66.87,74,75,7.0
70,Hofn,IS,2022-03-29 17:21:27,64.2539,-15.2082,32.94,58,24,7.94
71,Yellowknife,CA,2022-03-29 17:21:01,62.456,-114.3525,14.41,93,75,6.91
72,Ulaanbaatar,MN,2022-03-29 17:21:27,47.9077,106.8832,23.13,50,75,2.24
73,Rawson,AR,2022-03-29 17:21:28,-43.3002,-65.1023,56.75,34,60,34.99
74,Ritchie,ZA,2022-03-29 17:21:28,-29.038,24.6028,70.81,35,6,9.6
75,Tabou,CI,2022-03-29 17:21:28,4.423,-7.3528,83.77,75,36,10.42
76,Miyoshi,JP,2022-03-29 17:21:29,35.0833,137.0667,55.85,76,96,1.59
77,Avarua,CK,2022-03-29 17:13:32,-21.2078,-159.775,75.25,100,20,2.3
78,Port Alfred,ZA,2022-03-29 17:21:29,-33.5906,26.891,73.18,79,88,3.0
79,Salalah,OM,2022-03-29 17:21:29,17.0151,54.0924,78.89,78,0,5.75
80,Luderitz,NA,2022-03-29 17:21:29,-26.6481,15.1594,65.08,79,47,12.17
81,Makat,KZ,2022-03-29 17:21:30,47.6469,53.3463,39.87,69,2,24.43
82,Yulara,AU,2022-03-29 17:21:30,-25.2406,130.9889,75.04,27,91,6.91
83,Vanderhoof,CA,2022-03-29 17:21:30,54.0166,-124.0198,39.18,63,82,1.23
84,Cockburn Town,TC,2022-03-29 17:21:30,21.4612,-71.1419,78.76,57,40,17.27
85,Vikulovo,RU,2022-03-29 17:21:31,56.8167,70.6107,31.6,97,100,14.79
86,Cabo San Lucas,MX,2022-03-29 17:19:46,22.8909,-109.9124,85.3,16,20,12.66
87,Asyut,EG,2022-03-29 17:14:36,27.181,31.1837,74.01,16,0,9.08
88,Victoria,HK,2022-03-29 17:18:11,22.2855,114.1577,69.94,87,100,3.0
89,Oshawa,CA,2022-03-29 17:19:20,43.9001,-78.8496,33.21,20,0,11.5
90,Airai,TL,2022-03-29 17:21:31,-8.9266,125.4092,60.12,95,99,0.34
91,Flinders,AU,2022-03-29 17:21:31,-34.5833,150.8552,67.28,94,100,5.99
92,Chuy,UY,2022-03-29 17:19:44,-33.6971,-53.4616,84.33,36,0,10.0
93,Lensk,RU,2022-03-29 17:21:32,60.7253,114.9278,3.04,98,50,5.01
94,Willemstad,CW,2022-03-29 17:21:32,12.1084,-68.9335,84.11,70,40,12.66
95,Sandovo,RU,2022-03-29 17:22:32,58.4602,36.4128,18.21,92,100,3.62
96,Wajima,JP,2022-03-29 17:22:33,37.4,136.9,49.48,76,0,7.72
97,Esperance,AU,2022-03-29 17:22:33,-33.8667,121.9,62.83,78,99,12.57
98,Lebu,CL,2022-03-29 17:16:25,-37.6167,-73.65,57.33,52,14,16.4
99,Valparaiso,CL,2022-03-29 17:22:33,-33.0393,-71.6273,80.24,29,0,12.66
100,Dwarahat,IN,2022-03-29 17:22:33,29.7833,79.4333,61.95,21,0,4.09
101,Bell Ville,AR,2022-03-29 17:22:34,-32.6259,-62.6887,87.8,32,4,9.95
102,Collie,AU,2022-03-29 17:22:34,-33.3667,116.15,63.52,82,100,12.03
103,Klaksvik,FO,2022-03-29 17:22:34,62.2266,-6.589,36.52,49,100,19.8
104,Dongsheng,CN,2022-03-29 17:22:34,39.8161,109.9776,38.79,32,2,9.66
105,Grindavik,IS,2022-03-29 17:13:34,63.8424,-22.4338,39.67,75,75,19.57
106,Mukhen,RU,2022-03-29 17:22:35,48.1,136.1,25.43,82,82,10.8
107,Hithadhoo,MV,2022-03-29 17:16:33,-0.6,73.0833,82.53,65,2,5.46
108,Janauba,BR,2022-03-29 17:22:35,-15.8025,-43.3089,93.51,27,35,8.37
109,Quatre Cocos,MU,2022-03-29 17:22:35,-20.2078,57.7625,80.71,74,34,7.81
110,Burns Lake,CA,2022-03-29 17:22:36,54.2331,-125.7533,33.22,74,100,3.42
111,Kalangala,UG,2022-03-29 17:22:36,-0.3089,32.225,72.75,63,73,3.87
112,Cidreira,BR,2022-03-29 17:22:36,-30.1811,-50.2056,78.85,64,0,10.33
113,Faanui,PF,2022-03-29 17:14:37,-16.4833,-151.75,81.75,75,23,17.87
114,Dalbandin,PK,2022-03-29 17:22:36,28.8947,64.4101,70.48,9,0,13.04
115,Iguape,BR,2022-03-29 17:22:37,-24.7081,-47.5553,76.3,80,93,6.58
116,Denpasar,ID,2022-03-29 17:22:37,-8.65,115.2167,78.46,94,20,1.14
117,Tromso,NO,2022-03-29 17:17:57,69.6496,18.957,26.62,86,75,13.8
118,Kaitangata,NZ,2022-03-29 17:22:37,-46.2817,169.8464,52.81,95,56,2.01
119,Mandalgovi,MN,2022-03-29 17:22:38,45.7625,106.2708,26.62,37,60,5.48
120,Nanortalik,GL,2022-03-29 17:13:34,60.1432,-45.2371,32.81,75,48,4.27
121,Man,CI,2022-03-29 17:22:38,7.4125,-7.5538,95.77,30,97,4.81
122,Kruisfontein,ZA,2022-03-29 17:22:38,-34.0033,24.7314,66.88,86,89,6.44
123,Linares,CL,2022-03-29 17:22:38,-35.85,-71.6,70.25,24,5,15.55
124,Inuvik,CA,2022-03-29 17:22:39,68.3499,-133.7218,-4.94,59,0,5.75
125,Grenaa,DK,2022-03-29 17:22:39,56.4158,10.8783,43.02,66,65,7.83
126,Hami,CN,2022-03-29 17:14:42,42.8,93.45,49.64,24,89,14.54
127,Dingle,PH,2022-03-29 17:22:39,10.9995,122.6711,77.52,83,86,7.81
128,Karratha,AU,2022-03-29 17:22:40,-20.7377,116.8463,84.25,67,92,4.94
129,Alta Floresta,BR,2022-03-29 17:22:40,-9.8756,-56.0861,87.62,74,75,8.05
130,Konstantinovka,RU,2022-03-29 17:22:40,49.6167,127.9833,20.75,79,7,10.92
131,Laguna,US,2022-03-29 17:18:59,38.421,-121.4238,62.08,90,75,3.0
132,Sigli,ID,2022-03-29 17:22:40,5.3848,95.9609,79.97,83,31,4.56
133,Ponta Delgada,PT,2022-03-29 17:19:55,37.7333,-25.6667,61.52,94,75,8.05
134,Acapulco,MX,2022-03-29 17:21:17,16.8634,-99.8901,84.02,39,0,3.44
135,Coquimbo,CL,2022-03-29 17:09:56,-29.9533,-71.3436,65.93,68,0,12.66
136,Mingguang,CN,2022-03-29 17:22:41,32.7802,117.9638,55.76,89,15,5.48
137,Saint-Philippe,RE,2022-03-29 17:22:41,-21.3585,55.7679,76.59,86,100,7.92
138,Chokurdakh,RU,2022-03-29 17:14:39,70.6333,147.9167,-18.38,94,7,2.13
139,Namibe,AO,2022-03-29 17:23:41,-15.1961,12.1522,73.08,71,98,17.36
140,Pavlovka,RU,2022-03-29 17:23:42,52.6897,47.1405,34.93,91,100,13.13
141,Cherskiy,RU,2022-03-29 17:23:42,68.75,161.3,-6.72,86,99,2.51
142,Dzerzhinsk,RU,2022-03-29 17:23:42,56.2389,43.4631,26.42,59,20,4.47
143,Ust-Maya,RU,2022-03-29 17:23:42,60.4167,134.5333,16.74,93,100,4.85
144,Mujiayingzi,CN,2022-03-29 17:23:43,42.1167,118.7833,32.79,83,96,8.52
145,Longhua,CN,2022-03-29 17:23:43,23.6137,114.1919,67.33,91,100,1.03
146,Norman Wells,CA,2022-03-29 17:23:43,65.282,-126.8329,3.24,72,100,4.61
147,Guerrero Negro,MX,2022-03-29 17:23:43,27.9769,-114.0611,66.18,62,1,16.82
148,Santiago De Cao,PE,2022-03-29 17:23:44,-7.9589,-79.2392,71.73,78,98,10.36
149,Roma,US,2022-03-29 17:23:44,43.2128,-75.4557,30.51,41,0,21.85
150,Atikokan,CA,2022-03-29 17:23:44,48.7555,-91.6216,34.57,71,94,11.59
151,Zhaodong,CN,2022-03-29 17:23:44,46.0833,125.9833,28.17,45,39,7.4
152,Longyearbyen,SJ,2022-03-29 17:14:44,78.2186,15.6401,15.64,53,0,16.11
153,Yumen,CN,2022-03-29 17:23:45,40.2833,97.2,41.61,24,65,4.61
154,Richards Bay,ZA,2022-03-29 17:23:45,-28.783,32.0377,75.06,75,0,17.18
155,Piacabucu,BR,2022-03-29 17:23:45,-10.4056,-36.4344,85.17,62,16,9.4
156,Tias,ES,2022-03-29 17:23:46,28.9611,-13.645,69.48,56,40,11.5
157,Taywarah,AF,2022-03-29 17:23:46,33.35,64.4167,41.38,35,0,7.43
158,Qaqortoq,GL,2022-03-29 17:23:46,60.7167,-46.0333,33.26,63,35,4.07
159,Gamboula,CF,2022-03-29 17:23:46,4.1178,15.1393,87.46,24,9,1.39
160,Lazaro Cardenas,MX,2022-03-29 17:23:47,17.9583,-102.2,82.67,44,4,6.02
161,Ribeira Grande,PT,2022-03-29 17:23:47,38.5167,-28.7,68.4,77,40,8.05
162,Gizo,SB,2022-03-29 17:23:47,-8.103,156.8419,82.67,76,99,5.55
163,Thompson,CA,2022-03-29 17:20:42,55.7435,-97.8558,23.16,80,100,8.05
164,Namatanai,PG,2022-03-29 17:23:47,-3.6667,152.4333,80.55,79,68,8.41
165,Byron Bay,AU,2022-03-29 17:23:48,-28.65,153.6167,67.95,91,100,17.4
166,Channel-Port Aux Basques,CA,2022-03-29 17:23:48,47.5702,-59.1367,32.61,85,98,19.1
167,Juegang,CN,2022-03-29 17:23:48,32.3174,121.1855,54.91,95,99,8.08
168,Talnakh,RU,2022-03-29 17:23:48,69.4865,88.3972,17.58,94,100,12.37
169,Vicosa Do Ceara,BR,2022-03-29 17:23:49,-3.5622,-41.0922,78.49,67,100,5.91
170,Kifri,IQ,2022-03-29 17:23:49,34.6959,44.9661,62.04,34,24,11.39
171,Arraial Do Cabo,BR,2022-03-29 17:23:49,-22.9661,-42.0278,78.76,83,75,10.36
172,Half Moon Bay,US,2022-03-29 17:23:49,37.4636,-122.4286,60.06,85,100,9.22
173,Kavieng,PG,2022-03-29 17:23:50,-2.5744,150.7967,81.79,77,24,6.22
174,Gravdal,NO,2022-03-29 17:23:50,68.1214,13.5031,31.62,62,98,21.3
175,Harper,LR,2022-03-29 17:23:50,4.375,-7.7169,83.71,75,63,10.47
176,Uruzgan,AF,2022-03-29 17:23:50,32.8333,66.0,60.51,18,0,4.38
177,Chino,US,2022-03-29 17:23:51,34.0122,-117.6889,61.61,79,75,9.22
178,Dali,CN,2022-03-29 17:23:51,25.7,100.1833,54.12,76,26,5.21
179,Pangnirtung,CA,2022-03-29 17:23:51,66.1451,-65.7125,19.4,73,100,3.44
180,Hilo,US,2022-03-29 17:14:39,19.7297,-155.09,69.24,78,40,5.75
181,Kununurra,AU,2022-03-29 17:23:52,-15.7667,128.7333,76.98,83,71,1.14
182,Mindelo,CV,2022-03-29 17:23:52,16.8901,-24.9804,74.75,57,20,28.77
183,Sarakhs,IR,2022-03-29 17:23:52,36.5449,61.1577,51.94,40,0,0.0
184,Vaitape,PF,2022-03-29 17:23:53,-16.5167,-151.75,81.79,75,22,17.85
185,Plettenberg Bay,ZA,2022-03-29 17:24:53,-34.0527,23.3716,65.16,89,83,5.44
186,Dubbo,AU,2022-03-29 17:24:53,-32.25,148.6167,60.93,100,40,8.05
187,Lagoa,PT,2022-03-29 17:24:53,39.05,-27.9833,60.39,94,74,12.82
188,Vanimo,PG,2022-03-29 17:24:54,-2.6741,141.3028,76.39,93,100,8.77
189,Constitucion,CL,2022-03-29 17:24:54,-35.3333,-72.4167,64.26,46,0,18.39
190,Washington,US,2022-03-29 17:24:53,47.5001,-120.5015,52.75,64,30,2.51
191,Karanja,IN,2022-03-29 17:24:54,20.4833,77.4833,89.28,14,2,5.73
192,Souillac,MU,2022-03-29 17:24:54,-20.5167,57.5167,80.98,74,40,6.91
193,Chicama,PE,2022-03-29 17:24:55,-7.8447,-79.1469,70.34,62,96,9.55
194,Czestochowa,PL,2022-03-29 17:24:55,50.7965,19.1241,51.08,57,100,7.16
195,Lavrentiya,RU,2022-03-29 17:16:28,65.5833,-171.0,-8.84,93,29,6.76
196,Taranagar,IN,2022-03-29 17:24:55,28.6709,75.0351,87.75,9,0,6.24
197,Paamiut,GL,2022-03-29 17:24:56,61.994,-49.6678,30.78,66,2,1.19
198,Caravelas,BR,2022-03-29 17:24:56,-17.7125,-39.2481,84.94,58,9,8.52
199,Bairiki,KI,2022-03-29 17:24:56,1.3292,172.9752,78.8,83,20,1.14
200,Upernavik,GL,2022-03-29 17:24:56,72.7868,-56.1549,23.22,78,72,3.02
201,Khatanga,RU,2022-03-29 17:24:57,71.9667,102.5,-27.2,100,24,3.0
202,Lucapa,AO,2022-03-29 17:24:57,-8.4192,20.7447,69.48,91,99,2.73
203,Schleiden,DE,2022-03-29 17:24:57,50.5295,6.477,54.41,77,100,5.32
204,Tazovskiy,RU,2022-03-29 17:24:57,67.4667,78.7,28.56,92,100,13.56
205,Mackay,AU,2022-03-29 17:24:58,-21.15,149.2,69.78,83,0,6.91
206,Calabozo,VE,2022-03-29 17:24:58,8.9242,-67.4293,93.38,33,88,10.16
207,Whitianga,NZ,2022-03-29 17:24:58,-36.8333,175.7,62.42,91,25,6.53
208,Hasilpur,PK,2022-03-29 17:24:59,29.7122,72.5553,84.76,8,0,8.72
209,Semey,KZ,2022-03-29 17:24:59,50.4111,80.2275,36.18,76,100,16.2
210,Boditi,ET,2022-03-29 17:24:59,6.9667,37.8667,66.16,32,32,7.67
211,Poum,NC,2022-03-29 17:24:59,-20.2333,164.0167,81.14,83,98,20.04
212,Vila Velha,BR,2022-03-29 17:25:00,-20.3297,-40.2925,87.75,75,40,12.66
213,Wattegama,LK,2022-03-29 17:25:00,6.7989,81.4808,75.72,94,40,3.36
214,Asau,RO,2022-03-29 17:25:00,46.4333,26.4,56.95,37,54,5.59
215,Bethel,US,2022-03-29 17:25:00,41.3712,-73.414,37.15,44,40,11.5
216,Avera,US,2022-03-29 17:25:01,33.194,-82.5271,65.71,39,95,8.23
217,Lompoc,US,2022-03-29 17:25:01,34.6391,-120.4579,61.84,81,40,14.97
218,Richmond,US,2022-03-29 17:23:07,37.5538,-77.4603,45.32,29,75,10.36
219,Mezhdurechensk,RU,2022-03-29 17:25:01,53.6942,88.0603,22.51,97,67,3.49
220,Flin Flon,CA,2022-03-29 17:25:02,54.7682,-101.865,24.64,74,100,5.75
221,Kielce,PL,2022-03-29 17:25:02,50.8703,20.6275,49.8,1,100,7.34
222,Berlevag,NO,2022-03-29 17:25:03,70.8578,29.0864,28.35,80,100,27.63
223,Kaliwungu,ID,2022-03-29 17:25:03,-6.9615,110.2531,82.35,78,81,2.3
224,Maniitsoq,GL,2022-03-29 17:25:03,65.4167,-52.9,27.86,84,95,10.98
225,Bossier City,US,2022-03-29 17:24:11,32.516,-93.7321,77.99,63,100,16.11
226,Ingham,US,2022-03-29 17:25:04,42.6,-84.3833,37.17,37,0,8.05
227,Ancud,CL,2022-03-29 17:25:04,-41.8697,-73.8203,53.22,53,5,14.56
228,Fortuna,US,2022-03-29 17:16:32,40.5982,-124.1573,51.93,94,100,6.91
229,Tuatapere,NZ,2022-03-29 17:25:05,-46.1333,167.6833,52.54,94,6,2.95
230,Mount Isa,AU,2022-03-29 17:25:05,-20.7333,139.5,74.97,29,2,6.91
231,Mogadishu,SO,2022-03-29 17:25:05,2.0371,45.3438,81.19,77,33,19.33
232,Odweyne,SO,2022-03-29 17:26:06,9.4092,45.064,72.64,30,65,17.78
233,Bambanglipuro,ID,2022-03-29 17:26:06,-7.95,110.2833,77.56,87,95,2.53
234,Babaeski,TR,2022-03-29 17:26:06,41.4325,27.0931,53.44,70,73,12.59
235,Alice Springs,AU,2022-03-29 17:24:02,-23.7,133.8833,69.22,32,23,4.61
236,Pavlogradka,RU,2022-03-29 17:26:07,54.2024,73.5592,33.51,97,100,12.73
237,Pimentel,PE,2022-03-29 17:26:07,-6.8367,-79.9342,80.89,57,0,11.5
238,Chase,CA,2022-03-29 17:26:07,50.8165,-119.6857,42.33,67,38,1.63
239,Vila Franca Do Campo,PT,2022-03-29 17:26:07,37.7167,-25.4333,61.21,94,98,7.25
240,Srednekolymsk,RU,2022-03-29 17:26:08,67.45,153.6833,-4.0,90,100,7.63
241,Aklavik,CA,2022-03-29 17:26:08,68.2191,-135.0107,-14.17,99,100,5.99
242,Te Anau,NZ,2022-03-29 17:26:08,-45.4167,167.7167,52.0,93,17,1.19
243,Tautira,PF,2022-03-29 17:26:09,-17.7333,-149.15,81.27,75,27,15.73
244,Matay,EG,2022-03-29 17:26:09,28.419,30.7792,72.43,22,0,9.46
245,Howard Springs,AU,2022-03-29 17:26:09,-12.497,131.047,79.83,96,100,5.12
246,Fuente De Oro,CO,2022-03-29 17:26:09,3.4594,-73.6128,75.85,85,100,3.31
247,Grafton,US,2022-03-29 17:26:10,42.207,-71.6856,37.18,37,0,19.57
248,Vestmanna,FO,2022-03-29 17:26:10,62.1564,-7.1664,34.72,69,40,2.3
249,Bykovo,RU,2022-03-29 17:26:10,55.6361,38.0803,30.56,86,75,4.47
250,Los Llanos De Aridane,ES,2022-03-29 17:26:11,28.6585,-17.9182,65.95,77,20,13.8
251,Hualmay,PE,2022-03-29 17:19:49,-11.0964,-77.6139,75.56,73,58,12.53
252,Axim,GH,2022-03-29 17:26:11,4.8699,-2.2405,84.43,73,68,12.08
253,Port Hedland,AU,2022-03-29 17:26:11,-20.3167,118.5667,84.25,70,8,3.44
254,Lovozero,RU,2022-03-29 17:26:12,68.005,35.0117,17.82,91,100,7.81
255,Russell,US,2022-03-29 17:26:12,32.3502,-85.1999,75.11,51,0,4.61
256,Sanming,CN,2022-03-29 17:26:12,26.2486,117.6186,64.11,92,88,1.83
257,Pleasanton,US,2022-03-29 17:26:12,37.6624,-121.8747,59.09,85,100,4.0
258,Bouna,CI,2022-03-29 17:26:13,9.2667,-3.0,101.8,8,70,3.85
259,Thinadhoo,MV,2022-03-29 17:26:13,0.5333,72.9333,82.38,67,2,4.85
260,Pevek,RU,2022-03-29 17:26:13,69.7008,170.3133,-19.8,95,51,2.82
261,Kangaatsiaq,GL,2022-03-29 17:26:13,68.3065,-53.4641,22.19,92,97,9.64
262,Elizabeth City,US,2022-03-29 17:26:14,36.2946,-76.2511,45.0,31,0,10.36
263,Aripuana,BR,2022-03-29 17:26:14,-9.1667,-60.6333,82.63,77,100,4.45
264,Samarai,PG,2022-03-29 17:26:14,-10.6167,150.6667,80.98,81,92,11.03
265,Caohai,CN,2022-03-29 17:26:15,26.8661,104.2841,49.68,89,100,5.73
266,El Rosario,MX,2022-03-29 17:26:15,24.2556,-107.1828,81.93,21,57,6.82
267,Carndonagh,IE,2022-03-29 17:26:15,55.25,-7.2667,51.42,66,72,6.29
268,Sao Filipe,CV,2022-03-29 17:26:15,14.8961,-24.4956,71.29,76,3,17.34
269,Menongue,AO,2022-03-29 17:26:16,-14.6585,17.691,68.63,79,99,5.41
270,Northam,GB,2022-03-29 17:26:16,51.0333,-4.2167,54.25,79,94,9.08
271,Kamen-Rybolov,RU,2022-03-29 17:26:16,44.7481,132.0403,34.63,54,100,9.8
272,Port Macquarie,AU,2022-03-29 17:26:17,-31.4333,152.9167,67.89,94,75,12.66
273,Provideniya,RU,2022-03-29 17:26:17,64.3833,-173.3,0.27,81,6,7.85
274,Talagang,PK,2022-03-29 17:26:17,32.9297,72.4158,75.88,19,0,5.28
275,Hasaki,JP,2022-03-29 17:26:18,35.7333,140.8333,48.6,84,100,13.71
276,Codrington,AU,2022-03-29 17:27:18,-38.2667,141.9667,58.68,63,99,11.18
277,Merauke,ID,2022-03-29 17:25:06,-8.4667,140.3333,77.16,89,100,9.95
278,Taman,RU,2022-03-29 17:25:30,45.2117,36.7161,45.61,85,100,19.24
279,Skala,PL,2022-03-29 17:27:18,50.2305,19.8536,52.39,58,0,4.61
280,Poitiers,FR,2022-03-29 17:26:54,46.5833,0.3333,61.21,59,0,9.22
281,Puerto Ayora,EC,2022-03-29 17:27:18,-0.7393,-90.3518,84.16,92,46,7.0
282,Pamplonita,CO,2022-03-29 17:27:19,7.437,-72.638,69.31,71,99,4.23
283,Honningsvag,NO,2022-03-29 17:26:32,70.9821,25.9704,29.95,80,75,32.21
284,Sisimiut,GL,2022-03-29 17:27:19,66.9395,-53.6735,26.56,85,36,7.36
285,Lusaka,ZM,2022-03-29 17:23:20,-15.4067,28.2871,64.24,93,61,6.2
286,Henties Bay,NA,2022-03-29 17:27:19,-22.116,14.2845,64.42,82,30,11.68
287,Sao Caetano De Odivelas,BR,2022-03-29 17:27:20,-0.75,-48.02,75.69,93,100,2.19
288,Santarem,BR,2022-03-29 17:27:20,-2.4431,-54.7083,82.53,78,75,6.91
289,Terney,RU,2022-03-29 17:27:20,45.0503,136.6092,37.78,84,100,8.99
290,Hobyo,SO,2022-03-29 17:27:21,5.3505,48.5268,81.64,68,9,17.83
291,Lahij,YE,2022-03-29 17:27:21,13.1667,44.5833,77.81,40,9,5.93
292,Ulundi,ZA,2022-03-29 17:27:21,-28.3352,31.4162,70.41,68,0,4.16
293,Hirara,JP,2022-03-29 17:27:21,24.8,125.2833,73.85,91,100,16.49
294,Buala,SB,2022-03-29 17:27:22,-8.145,159.5921,79.79,82,82,3.4
295,Mahebourg,MU,2022-03-29 17:19:45,-20.4081,57.7,80.89,74,40,6.91
296,Lakewood,US,2022-03-29 17:26:53,39.7047,-105.0814,51.33,62,100,4.0
297,Avila,ES,2022-03-29 17:27:22,40.5833,-5.0,48.65,73,100,4.32
298,Sao Joao Da Barra,BR,2022-03-29 17:27:22,-21.6403,-41.0511,89.69,72,92,9.75
299,Port Hardy,CA,2022-03-29 17:27:23,50.6996,-127.4199,44.6,93,75,8.05
300,Chernyshevskiy,RU,2022-03-29 17:27:23,63.0128,112.4714,2.14,97,95,4.88
301,Komsomolskiy,UZ,2022-03-29 17:27:23,40.4272,71.7189,45.32,57,100,6.91
302,Hailar,CN,2022-03-29 17:27:23,49.2,119.7,18.39,39,3,3.6
303,Tlancualpican,MX,2022-03-29 17:27:24,18.4333,-98.7,88.29,20,0,3.74
304,Sola,VU,2022-03-29 17:27:24,-13.8833,167.55,77.79,89,100,9.62
305,Biltine,TD,2022-03-29 17:27:24,14.5333,20.9167,86.76,6,27,9.86
306,Bolu,TR,2022-03-29 17:27:24,40.6667,31.5833,43.75,83,100,1.88
307,Tornio,FI,2022-03-29 17:27:25,65.8481,24.1466,30.22,75,100,13.73
308,Bilma,NE,2022-03-29 17:27:25,18.6853,12.9164,84.78,4,3,5.53
309,Kutum,SD,2022-03-29 17:27:25,14.2,24.6667,75.42,7,48,9.84
310,Salinas,US,2022-03-29 17:27:25,36.6777,-121.6555,55.42,85,100,4.61
311,Bandarbeyla,SO,2022-03-29 17:27:26,9.4942,50.8122,79.54,78,9,17.67
312,Itamaraca,BR,2022-03-29 17:27:26,-7.7478,-34.8256,86.05,68,100,9.93
313,Artesia,US,2022-03-29 17:27:26,33.8658,-118.0831,63.99,79,75,4.61
314,Kommunar,RU,2022-03-29 17:27:27,59.6206,30.39,24.44,82,92,6.69
315,Onokhino,RU,2022-03-29 17:27:27,56.925,65.5394,25.12,88,100,7.65
316,Playa Vicente,MX,2022-03-29 17:27:27,17.8333,-95.8167,90.86,37,4,4.81
317,San Andres,CO,2022-03-29 17:27:27,12.5847,-81.7006,86.02,66,40,17.27
318,Klamath Falls,US,2022-03-29 17:24:38,42.2249,-121.7817,50.86,66,0,3.44
319,Petropavlovsk-Kamchatskiy,RU,2022-03-29 17:27:28,53.0452,158.6483,27.19,50,0,15.66
320,Manakara,MG,2022-03-29 17:27:28,-22.1333,48.0167,74.03,88,52,9.98
321,Nong Bua,TH,2022-03-29 17:27:28,15.8646,100.5858,79.9,62,61,4.9
322,Broome,US,2022-03-29 17:19:50,42.2506,-75.833,30.61,57,75,18.41
323,Maraa,BR,2022-03-29 17:27:28,-1.8333,-65.3667,74.52,98,100,3.87
324,Cravo Norte,CO,2022-03-29 17:27:29,6.3017,-70.2041,79.61,72,100,3.13
325,Husavik,IS,2022-03-29 17:28:29,66.0449,-17.3389,31.33,58,22,6.55
326,Margate,GB,2022-03-29 17:28:29,51.3813,1.3862,47.1,86,95,4.0
327,Wad Rawah,SD,2022-03-29 17:25:12,15.1603,33.1397,92.73,15,2,10.58
328,Nong Phai,TH,2022-03-29 17:28:30,15.9903,101.0618,82.2,63,19,4.05
329,Evansville,US,2022-03-29 17:26:51,37.9748,-87.5558,54.18,42,100,14.97
330,Verkhnyaya Inta,RU,2022-03-29 17:28:30,65.9811,60.3094,10.33,95,100,4.85
331,Amapa,BR,2022-03-29 17:28:30,1.0,-52.0,78.33,92,100,3.13
332,Agirish,RU,2022-03-29 17:28:30,61.9247,63.0231,8.67,97,100,2.98
333,Ardakan,IR,2022-03-29 17:28:31,32.31,54.0175,61.02,17,0,6.53
334,Matagami,CA,2022-03-29 17:28:31,49.7502,-77.6328,17.71,45,75,9.22
335,Glenwood Springs,US,2022-03-29 17:26:55,39.5505,-107.3248,49.35,93,100,8.05
336,Madingou,CG,2022-03-29 17:28:31,-4.1536,13.55,75.52,91,99,2.08
337,Mao,ES,2022-03-29 17:28:32,39.8885,4.2658,57.76,94,40,17.27
338,Nueva Concepcion,GT,2022-03-29 17:28:32,14.2,-91.3,91.54,42,87,4.5
339,Seminole,US,2022-03-29 17:28:32,28.7086,-81.2081,85.24,49,0,9.22
340,Riyadh,SA,2022-03-29 17:27:43,24.6877,46.7219,69.94,9,0,10.04
341,Gondal,IN,2022-03-29 17:28:32,21.9667,70.8,85.26,28,1,8.5
342,Ayaviri,PE,2022-03-29 17:28:33,-14.8864,-70.5889,57.36,48,57,1.88
343,Kysyl-Syr,RU,2022-03-29 17:28:33,63.8986,122.7617,2.98,97,98,4.61
344,Sambava,MG,2022-03-29 17:28:33,-14.2667,50.1667,78.71,84,8,8.99
345,Mahon,ES,2022-03-29 17:28:33,39.8885,4.2658,57.76,94,40,17.27
346,Cabinda,AO,2022-03-29 17:28:34,-5.55,12.2,77.14,94,75,0.0
347,Iqaluit,CA,2022-03-29 17:28:34,63.7506,-68.5145,22.73,79,100,2.3
348,Pedro Juan Caballero,PY,2022-03-29 17:28:34,-22.5472,-55.7333,87.76,51,40,9.22
349,Halifax,CA,2022-03-29 17:18:32,44.6453,-63.5724,35.22,72,100,18.99
350,Kumbo,CM,2022-03-29 17:28:34,6.2,10.6667,77.0,18,47,3.0
351,Saint-Francois,FR,2022-03-29 17:28:35,46.4154,3.9054,60.24,49,0,3.44
352,Baker City,US,2022-03-29 17:28:35,44.7749,-117.8344,51.6,73,0,20.71
353,Malindi,KE,2022-03-29 17:28:39,-3.2175,40.1191,81.7,78,8,11.79
354,Lakes Entrance,AU,2022-03-29 17:28:39,-37.8811,147.981,62.17,90,100,9.91
355,Iskateley,RU,2022-03-29 17:28:40,67.6803,53.1512,3.2,91,82,7.58
356,Vostok,RU,2022-03-29 17:28:40,46.4856,135.8833,22.06,86,100,9.35
357,Kissamos,GR,2022-03-29 17:28:40,35.4939,23.6569,60.48,78,7,0.87
358,Hays,US,2022-03-29 17:26:35,30.0502,-98.0336,77.14,66,100,11.01
359,Hervey Bay,AU,2022-03-29 17:28:40,-25.2986,152.8535,69.03,85,2,8.01
360,Bagdarin,RU,2022-03-29 17:28:41,54.4333,113.6,-1.41,88,3,4.65
361,Coihaique,CL,2022-03-29 17:28:41,-45.5752,-72.0662,51.75,46,20,8.05
362,Banjar,ID,2022-03-29 17:28:41,-8.19,114.9675,76.77,88,74,5.23
363,Natal,BR,2022-03-29 17:24:00,-5.795,-35.2094,88.02,62,20,18.41
364,Peterhead,GB,2022-03-29 17:28:41,57.5058,-1.7981,39.6,60,100,14.34
365,Rio Gallegos,AR,2022-03-29 17:28:37,-51.6226,-69.2181,48.25,43,75,28.77
366,Egvekinot,RU,2022-03-29 17:28:42,66.3167,-179.1667,-10.21,85,13,13.27
367,Kodinsk,RU,2022-03-29 17:28:42,58.6881,99.1844,2.86,99,62,3.51
368,Pundaguitan,PH,2022-03-29 17:28:42,6.3711,126.1689,81.72,75,71,11.83
369,Tottori,JP,2022-03-29 17:28:43,35.5,134.2333,49.3,88,0,10.38
370,Banda Aceh,ID,2022-03-29 17:28:43,5.5577,95.3222,80.35,79,58,0.58
371,Pouebo,NC,2022-03-29 17:29:43,-20.4,164.5667,77.45,88,100,9.17
372,Camanducaia,BR,2022-03-29 17:28:02,-22.7553,-46.1447,74.95,76,7,3.22
373,Trybukhivtsi,UA,2022-03-29 17:29:43,49.0436,25.4581,49.62,70,100,10.89
374,Hay River,CA,2022-03-29 17:29:44,60.8156,-115.7999,12.16,92,75,5.75
375,Grand-Santi,GF,2022-03-29 17:29:44,4.25,-54.3833,85.55,59,86,4.56
376,Nisia Floresta,BR,2022-03-29 17:29:44,-6.0911,-35.2086,88.18,55,97,12.44
377,Lida,BY,2022-03-29 17:29:44,53.8833,25.2997,38.7,47,100,8.16
378,Gubkinskiy,RU,2022-03-29 17:29:45,64.434,76.5026,30.02,94,100,14.61
379,La Rosa,HN,2022-03-29 17:29:45,15.35,-87.0667,75.6,66,60,3.04
380,Inirida,CO,2022-03-29 17:29:45,3.8653,-67.9239,76.96,88,100,0.85
381,Texistepec,MX,2022-03-29 17:29:45,17.8833,-94.7833,77.0,55,33,4.5
382,Pangai,TO,2022-03-29 17:26:20,-19.8,-174.35,77.11,88,40,0.0
383,Karlovo,BG,2022-03-29 17:29:46,42.6333,24.8,56.61,68,66,0.51
384,Meulaboh,ID,2022-03-29 17:29:46,4.1363,96.1285,79.2,76,97,0.67
385,Kaeo,NZ,2022-03-29 17:29:46,-35.1,173.7833,59.32,93,3,4.94
386,Makakilo City,US,2022-03-29 17:29:47,21.3469,-158.0858,73.29,83,0,4.61
387,La Tuque,CA,2022-03-29 17:29:47,47.4334,-72.7824,19.65,49,100,10.36
388,Okhotsk,RU,2022-03-29 17:29:47,59.3833,143.3,0.09,84,58,9.15
389,Moju,BR,2022-03-29 17:29:47,-1.8839,-48.7689,74.46,98,100,1.79
390,Sitka,US,2022-03-29 17:29:48,57.0531,-135.33,42.69,70,100,5.75
391,Zhangye,CN,2022-03-29 17:29:48,38.9342,100.4517,45.39,29,26,5.64
392,Vao,NC,2022-03-29 17:29:48,-22.6667,167.4833,78.37,83,98,16.69
393,Uyuni,BO,2022-03-29 17:29:49,-20.4597,-66.825,64.22,13,2,8.7
394,Panguipulli,CL,2022-03-29 17:29:49,-39.6333,-72.3333,54.7,48,46,4.23
395,Mabaruma,GY,2022-03-29 17:29:49,8.2,-59.7833,83.68,58,100,7.96
396,Vardo,NO,2022-03-29 17:29:49,70.3705,31.1107,27.82,72,100,25.9
397,Rabaul,PG,2022-03-29 17:29:50,-4.1967,152.1721,79.5,78,53,5.03
398,Carbonia,IT,2022-03-29 17:29:50,39.1672,8.5222,58.15,62,100,10.69
399,Bhag,PK,2022-03-29 17:29:50,29.0415,67.8239,90.77,4,0,10.78
400,Eyl,SO,2022-03-29 17:29:51,7.9803,49.8164,79.83,75,42,16.22
401,Filadelfia,US,2022-03-29 17:25:43,39.9523,-75.1638,40.01,35,40,17.27
402,Pacific Grove,US,2022-03-29 17:28:27,36.6177,-121.9166,54.43,92,100,5.99
403,Saiha,IN,2022-03-29 17:29:51,22.4833,92.9667,68.25,85,94,2.53
404,Isla Mujeres,MX,2022-03-29 17:29:51,21.2311,-86.731,84.25,59,0,17.31
405,Dunedin,NZ,2022-03-29 17:29:51,-45.8742,170.5036,58.8,85,99,5.01
406,Cayenne,GF,2022-03-29 17:29:52,4.9333,-52.3333,84.24,22,75,13.8
407,Agadez,NE,2022-03-29 17:29:52,19.75,10.25,85.32,5,9,7.92
408,Oda,JP,2022-03-29 17:29:52,35.1833,132.5,49.64,87,0,9.93
409,Batagay,RU,2022-03-29 17:29:52,67.6333,134.6333,-6.77,99,89,3.71
410,Nushki,PK,2022-03-29 17:29:53,29.5542,66.0215,69.76,7,0,8.01
411,Terre Haute,US,2022-03-29 17:29:53,39.4667,-87.4139,43.07,47,100,18.41
412,Nargana,PA,2022-03-29 17:29:53,9.4428,-78.5906,80.83,82,93,16.24
413,Saint-Felicien,CA,2022-03-29 17:29:53,48.6501,-72.4491,16.48,57,100,13.8
414,Tomatlan,MX,2022-03-29 17:29:54,19.9333,-105.25,88.48,16,1,6.69
415,Imbituba,BR,2022-03-29 17:30:54,-28.24,-48.6703,79.11,67,0,16.89
416,Celestun,MX,2022-03-29 17:30:54,20.8667,-90.4,86.81,47,0,2.15
417,Ossora,RU,2022-03-29 17:30:55,59.2353,163.0719,20.68,92,100,10.89
418,Atar,MR,2022-03-29 17:30:55,20.5169,-13.0499,90.12,13,16,12.73
419,Goderich,CA,2022-03-29 17:30:09,43.7501,-81.7165,27.91,59,36,8.05
420,Lata,PT,2022-03-29 17:30:55,40.1629,-8.3327,56.84,83,75,7.49
421,Seddon,AU,2022-03-29 17:30:31,-37.8068,144.8916,62.82,75,100,10.36
422,Benguela,AO,2022-03-29 17:30:55,-12.5763,13.4055,76.55,78,19,8.84
423,Auki,SB,2022-03-29 17:30:56,-8.7676,160.7034,77.9,86,97,1.81
424,Buraydah,SA,2022-03-29 17:30:56,26.326,43.975,70.25,9,10,8.81
425,Comodoro Rivadavia,AR,2022-03-29 17:30:01,-45.8667,-67.5,55.26,26,0,27.63
426,San Quintin,MX,2022-03-29 17:30:56,30.4833,-115.95,61.59,69,23,14.03
427,Copiapo,CL,2022-03-29 17:30:56,-27.3667,-70.3333,65.89,33,0,7.45
428,Jining,CN,2022-03-29 17:30:57,35.405,116.5814,56.71,84,100,5.01
429,Jardim,BR,2022-03-29 17:30:57,-21.4803,-56.1381,95.54,35,22,6.49
430,Arawa,PG,2022-03-29 17:30:57,-6.2132,155.5367,76.37,90,54,3.38
431,Lorengau,PG,2022-03-29 17:30:58,-2.0226,147.2712,81.54,81,90,11.41
432,Bukama,CD,2022-03-29 17:30:58,-9.2,25.85,70.88,97,99,1.52
433,Ilulissat,GL,2022-03-29 17:30:58,69.2167,-51.1,30.61,84,43,4.9
434,Sao Jose Da Coroa Grande,BR,2022-03-29 17:30:58,-8.8978,-35.1478,82.6,73,93,9.08
435,Tiznit,MA,2022-03-29 17:30:59,29.5833,-9.5,57.16,82,92,11.74
436,Rafaela,AR,2022-03-29 17:30:14,-31.2503,-61.4867,89.98,41,2,3.0
437,Palasa,IN,2022-03-29 17:30:59,18.7667,84.4167,77.31,95,9,9.64
438,Wyndham,US,2022-03-29 17:30:59,37.6985,-77.6125,45.86,29,0,5.75
439,Bay Roberts,CA,2022-03-29 17:30:59,47.5999,-53.2648,42.04,72,97,3.0
440,Maralal,KE,2022-03-29 17:31:00,1.0968,36.698,61.81,76,74,9.78
441,Geraldton,AU,2022-03-29 17:28:09,-28.7667,114.6,72.01,83,40,19.57
442,Chara,RU,2022-03-29 17:31:00,56.9064,118.2631,-0.4,73,55,3.09
443,Quesnel,CA,2022-03-29 17:31:00,52.9999,-122.5029,37.9,70,0,3.44
444,Nome,US,2022-03-29 17:31:01,64.5011,-165.4064,12.27,85,0,0.0
445,Katsuura,JP,2022-03-29 17:31:01,35.1333,140.3,51.82,84,100,13.56
446,Kitimat,CA,2022-03-29 17:31:02,54.0524,-128.6534,43.18,46,99,1.05
447,Aguas Formosas,BR,2022-03-29 17:31:02,-17.0822,-40.9358,88.56,42,55,7.18
448,Tezu,IN,2022-03-29 17:31:03,27.9167,96.1667,72.23,51,10,4.45
449,Platon Sanchez,MX,2022-03-29 17:31:03,21.2833,-98.3667,90.16,35,28,3.74
450,Lodja,CD,2022-03-29 17:31:03,-3.4833,23.4333,69.58,91,100,1.14
451,Labuhan,ID,2022-03-29 17:31:04,-6.8844,112.2051,78.87,86,92,4.52
452,Woodward,US,2022-03-29 17:29:57,36.4337,-99.3904,79.83,28,0,21.85
453,Kloulklubed,PW,2022-03-29 17:31:04,7.0419,134.2556,79.3,75,63,15.28
454,Nelson Bay,AU,2022-03-29 17:31:04,-32.7167,152.15,73.99,88,100,12.88
455,Baykit,RU,2022-03-29 17:31:05,61.67,96.37,4.86,100,96,1.81
456,Necochea,AR,2022-03-29 17:30:07,-38.5473,-58.7368,67.15,43,50,23.78
457,Divnomorskoye,RU,2022-03-29 17:32:05,44.5011,38.1353,45.97,75,100,6.15
458,Narsaq,GL,2022-03-29 17:32:05,60.9167,-46.05,39.42,65,37,3.24
459,Borborema,BR,2022-03-29 17:32:05,-21.6197,-49.0736,88.0,49,1,4.9
460,San Pedro,PH,2022-03-29 17:32:06,14.35,121.0167,83.43,74,20,8.05
461,Aykhal,RU,2022-03-29 17:32:06,66.0,111.5,-7.38,100,100,4.85
462,Kavaratti,IN,2022-03-29 17:32:06,10.5669,72.642,83.59,75,16,7.29
463,Deputatskiy,RU,2022-03-29 17:32:07,69.3,139.9,-20.43,100,99,1.68
464,Vila,PT,2022-03-29 17:32:07,42.0304,-8.1588,54.7,62,55,5.53
465,Tianpeng,CN,2022-03-29 17:32:07,30.9866,103.9393,59.47,67,100,0.74
466,Naze,JP,2022-03-29 17:32:07,28.3667,129.4833,65.32,86,88,17.11
467,Tondano,ID,2022-03-29 17:32:08,1.3038,124.9112,66.29,91,96,1.36
468,Kihei,US,2022-03-29 17:32:08,20.785,-156.4656,75.85,80,0,3.44
469,Parambu,BR,2022-03-29 17:32:09,-6.2111,-40.6944,84.51,52,98,7.7
470,Saint Anthony,US,2022-03-29 17:30:08,45.0205,-93.218,42.1,41,100,20.71
471,Nagua,DO,2022-03-29 17:32:09,19.3832,-69.8474,80.91,78,75,4.61
472,Iwaki,JP,2022-03-29 17:32:09,37.05,140.8833,51.76,85,98,6.26
473,Port Blair,IN,2022-03-29 17:32:10,11.6667,92.75,78.84,94,20,2.3
474,Mahibadhoo,MV,2022-03-29 17:32:10,3.7833,72.9667,82.54,68,0,2.95
475,Craigieburn,AU,2022-03-29 17:31:06,-37.6,144.95,60.93,76,75,10.36
476,Jizan,SA,2022-03-29 17:32:10,17.3333,42.6667,85.14,41,4,2.73
477,Clyde River,CA,2022-03-29 17:32:11,70.4692,-68.5914,7.03,78,20,10.36
478,Kargasok,RU,2022-03-29 17:32:11,59.0556,80.8572,25.74,95,100,9.46
479,Qui Nhon,VN,2022-03-29 17:32:11,13.7667,109.2333,74.68,91,76,6.49
480,Voh,NC,2022-03-29 17:32:11,-20.9667,164.7,75.79,93,100,5.59
481,Aracaju,BR,2022-03-29 17:32:12,-10.9111,-37.0717,85.95,66,20,9.22
482,Teofilo Otoni,BR,2022-03-29 17:32:12,-17.8575,-41.5053,85.55,48,71,5.75
483,Misratah,LY,2022-03-29 17:32:12,32.3754,15.0925,61.9,70,47,13.24
484,Niamey,NE,2022-03-29 17:31:53,13.5137,2.1098,98.89,2,12,11.5
485,Abu Kamal,SY,2022-03-29 17:32:13,34.4506,40.9171,65.75,24,100,5.75
486,Tateyama,JP,2022-03-29 17:32:13,34.9833,139.8667,51.73,93,75,2.3
487,Kamennomostskoye,RU,2022-03-29 17:32:13,43.7372,43.0514,35.06,79,89,7.05
488,Saint-Paul,RE,2022-03-29 17:32:14,-21.0096,55.2707,78.89,83,96,3.71
489,Salinopolis,BR,2022-03-29 17:32:14,-0.6136,-47.3561,76.73,90,100,1.36
490,Camacha,PT,2022-03-29 17:32:14,33.0833,-16.3333,62.02,77,40,20.71
491,Darhan,MN,2022-03-29 17:32:14,49.4867,105.9228,24.82,61,92,5.28
492,Altay,CN,2022-03-29 17:32:15,47.8667,88.1167,26.19,64,60,8.34
493,Newport,GB,2022-03-29 17:27:53,51.5877,-2.9984,52.12,80,100,6.17
494,Peniche,PT,2022-03-29 17:32:15,39.3558,-9.3811,61.29,82,22,20.09
495,Churapcha,RU,2022-03-29 17:32:15,62.0025,132.4325,8.29,97,100,6.8
496,Carutapera,BR,2022-03-29 17:32:15,-1.195,-46.02,76.8,94,100,2.33
497,Urengoy,RU,2022-03-29 17:32:16,65.9667,78.3667,29.59,94,100,12.33
498,Safford,US,2022-03-29 17:32:16,32.834,-109.7076,56.32,58,40,32.21
499,San Felipe,VE,2022-03-29 17:32:16,10.3399,-68.7425,84.96,58,100,8.16
500,Verkhoyansk,RU,2022-03-29 17:32:17,67.5447,133.385,-4.41,100,98,1.74
501,Altamira,BR,2022-03-29 17:32:17,-3.2033,-52.2064,86.09,70,75,6.91
502,Kidal,ML,2022-03-29 17:33:17,18.4411,1.4078,90.91,5,3,10.2
503,Warrington,GB,2022-03-29 17:33:18,53.3925,-2.5802,56.97,72,40,6.91
504,Teguldet,RU,2022-03-29 17:33:18,57.3064,88.1667,33.01,95,100,6.04
505,Nadym,RU,2022-03-29 17:33:18,65.5333,72.5167,29.23,97,100,14.36
506,Shache,CN,2022-03-29 17:33:18,38.4167,77.2406,51.94,62,100,4.03
507,Bafoussam,CM,2022-03-29 17:33:19,5.4737,10.4179,73.04,43,22,5.99
508,Zheleznodorozhnyy,RU,2022-03-29 17:33:19,55.7503,38.0042,30.38,93,100,3.2
509,Norfolk,US,2022-03-29 17:30:15,42.1668,-71.2495,38.95,39,0,16.11
510,Inta,RU,2022-03-29 17:33:19,66.0317,60.1659,10.76,96,100,4.83
511,Hovd,MN,2022-03-29 17:33:20,48.0056,91.6419,29.37,37,15,3.91
512,Pontiac,US,2022-03-29 17:31:23,42.6389,-83.2911,38.25,38,20,3.44
513,Kuching,MY,2022-03-29 17:33:20,1.55,110.3333,79.02,89,20,2.3
514,Plyussa,RU,2022-03-29 17:33:20,58.4308,29.3654,19.96,90,100,3.53
515,Vilhena,BR,2022-03-29 17:33:21,-12.7406,-60.1458,82.62,69,40,4.61
516,Araouane,ML,2022-03-29 17:33:21,18.9048,-3.5265,96.1,6,47,8.03
517,Xuanhua,CN,2022-03-29 17:33:21,40.6103,115.0447,42.42,88,54,1.41
518,Rovaniemi,FI,2022-03-29 17:33:22,66.5,25.7167,26.01,74,0,11.5
519,Chake Chake,TZ,2022-03-29 17:33:22,-5.2459,39.7666,80.78,77,100,6.38
520,Nguruka,TZ,2022-03-29 17:33:22,-5.1092,31.0419,67.59,90,67,1.34
521,Maltahohe,NA,2022-03-29 17:33:22,-24.8333,16.9833,76.48,32,73,17.76
522,Mutsu,JP,2022-03-29 17:33:23,41.2894,141.2169,39.31,77,0,5.32
523,Carcassonne,FR,2022-03-29 17:33:23,43.25,2.1667,59.14,76,100,16.11
524,Christchurch,NZ,2022-03-29 17:29:18,-43.5333,172.6333,58.95,89,20,3.44
525,Igarka,RU,2022-03-29 17:33:23,67.4667,86.5833,28.29,96,100,13.42
526,Saraland,US,2022-03-29 17:33:24,30.8207,-88.0706,82.09,60,42,11.14
527,Pisco,PE,2022-03-29 17:33:24,-13.7,-76.2167,73.45,64,0,20.71
528,Concordia,AR,2022-03-29 17:33:24,-31.393,-58.0209,86.07,59,40,12.66
529,Puerto Colombia,CO,2022-03-29 17:33:24,10.9878,-74.9547,82.31,73,93,20.74
530,Sungaipenuh,ID,2022-03-29 17:33:25,-2.0833,101.3833,64.38,86,76,2.28
531,Maues,BR,2022-03-29 17:33:25,-3.3836,-57.7186,80.02,92,96,3.76
532,Belmonte,BR,2022-03-29 17:33:25,-15.8631,-38.8828,83.39,60,11,7.99
533,Arnedo,ES,2022-03-29 17:33:25,42.2167,-2.1,54.9,70,100,4.65
534,Salisbury,GB,2022-03-29 17:33:26,51.0693,-1.7957,54.01,77,75,11.5
535,Aasiaat,GL,2022-03-29 17:33:26,68.7098,-52.8699,21.16,92,60,7.18
536,Adre,TD,2022-03-29 17:33:26,13.4667,22.2,78.73,8,82,11.43
537,Phalaborwa,ZA,2022-03-29 17:33:26,-23.943,31.1411,76.28,47,1,1.54
538,Sivaki,RU,2022-03-29 17:33:27,52.6333,126.75,18.64,69,6,15.61
539,Solhan,TR,2022-03-29 17:33:27,38.9634,41.0293,27.77,72,92,5.95
540,Cairns,AU,2022-03-29 17:33:27,-16.9167,145.7667,75.15,94,12,1.14
541,Loandjili,CG,2022-03-29 17:33:28,-4.7561,11.8578,78.91,83,40,4.61
542,Marzuq,YE,2022-03-29 17:33:28,14.4,46.4667,68.67,27,0,0.43
543,Manokwari,ID,2022-03-29 17:34:28,-0.8667,134.0833,77.58,83,94,5.06
544,Aksarka,RU,2022-03-29 17:34:28,66.5606,67.7975,11.59,98,90,6.26
545,Touros,BR,2022-03-29 17:33:23,-5.1989,-35.4608,85.64,63,90,15.14
546,Lowestoft,GB,2022-03-29 17:34:29,52.4752,1.7516,46.08,91,74,11.32
547,Port Moresby,PG,2022-03-29 17:34:29,-9.4431,147.1797,74.62,94,0,5.75
