City_ID,City,Country,Date,Lat,Lng,Current Description,Max Temp,Humidity,Cloudiness,Wind Speed
0,Marsh Harbour,BS,2022-04-01 01:23:41,26.5412,-77.0636,Clouds,76.26,75,60,18.39
1,Upernavik,GL,2022-04-01 01:23:41,72.7868,-56.1549,Clouds,11.05,97,100,9.4
2,Chuy,UY,2022-04-01 01:23:41,-33.6971,-53.4616,Clouds,55.99,77,86,5.84
3,Punta Arenas,CL,2022-04-01 01:23:41,-53.15,-70.9167,Clouds,50.11,62,75,24.16
4,Ushuaia,AR,2022-04-01 01:19:32,-54.8,-68.3,Clouds,49.66,57,20,11.5
5,Bluff,NZ,2022-04-01 01:23:42,-46.6,168.3333,Clouds,54.23,52,52,5.75
6,Galle,LK,2022-04-01 01:23:42,6.0367,80.217,Clouds,77.99,82,20,1.77
7,Hami,CN,2022-04-01 01:23:42,42.8,93.45,Clear,46.96,20,0,3.87
8,Avarua,CK,2022-04-01 01:23:42,-21.2078,-159.775,Clear,84.25,74,0,9.22
9,Puerto Ayora,EC,2022-04-01 01:23:43,-0.7393,-90.3518,Clouds,73.54,100,100,1.95
10,Chardara,KZ,2022-04-01 01:23:43,41.2547,67.9692,Clouds,52.99,49,18,5.48
11,Atuona,PF,2022-04-01 01:23:43,-9.8,-139.0333,Clouds,78.84,75,79,8.23
12,Vaini,TO,2022-04-01 01:23:43,-21.2,-175.2,Clouds,84.36,84,75,10.36
13,Zyryanskoye,RU,2022-04-01 01:23:44,56.8306,86.6258,Clouds,36.01,80,100,18.45
14,Kyabe,TD,2022-04-01 01:23:44,9.4515,18.9449,Clouds,85.64,12,50,4.38
15,Sabha,LY,2022-04-01 01:23:44,27.0377,14.4283,Clouds,73.89,18,100,10.49
16,Cherskiy,RU,2022-04-01 01:23:44,68.75,161.3,Clouds,-7.1,92,94,5.99
17,Caravelas,BR,2022-04-01 01:23:45,-17.7125,-39.2481,Clear,76.57,87,4,5.53
18,Butaritari,KI,2022-04-01 01:23:45,3.0707,172.7902,Rain,81.5,78,89,16.4
19,Vauvert,FR,2022-04-01 01:23:45,43.7,4.2833,Clear,49.59,70,0,4.61
20,Lom Sak,TH,2022-04-01 01:23:46,16.7798,101.2422,Clouds,80.49,74,40,3.44
21,Atasu,KZ,2022-04-01 01:23:46,48.6814,71.6433,Clouds,26.31,81,100,5.55
22,Port Augusta,AU,2022-04-01 01:14:30,-32.5,137.7667,Clear,70.34,40,0,12.3
23,Bredasdorp,ZA,2022-04-01 01:23:46,-34.5322,20.0403,Clouds,62.85,64,100,4.41
24,Provideniya,RU,2022-04-01 01:23:46,64.3833,-173.3,Snow,23.36,80,100,20.0
25,Los Llanos De Aridane,ES,2022-04-01 01:23:47,28.6585,-17.9182,Clouds,60.55,80,100,9.22
26,Vestmannaeyjar,IS,2022-04-01 01:23:47,63.4427,-20.2734,Clouds,40.05,67,100,5.37
27,Hilo,US,2022-04-01 01:23:32,19.7297,-155.09,Rain,78.24,84,100,6.91
28,Barrow,US,2022-04-01 01:23:47,71.2906,-156.7887,Haze,-7.58,71,0,19.57
29,Okhotsk,RU,2022-04-01 01:23:47,59.3833,143.3,Clouds,15.62,68,100,17.0
30,Kismayo,SO,2022-04-01 01:23:48,-0.3582,42.5454,Clouds,80.55,80,100,11.77
31,Altay,CN,2022-04-01 01:23:48,47.8667,88.1167,Clouds,30.56,48,60,8.05
32,Ribeira Grande,PT,2022-04-01 01:23:48,38.5167,-28.7,Clouds,61.59,91,100,22.79
33,Mount Gambier,AU,2022-04-01 01:23:48,-37.8333,140.7667,Clear,65.32,44,0,11.92
34,Camacha,PT,2022-04-01 01:14:32,33.0833,-16.3333,Clouds,56.62,88,75,5.75
35,Puerto Maldonado,PE,2022-04-01 01:23:49,-12.6,-69.1833,Clouds,60.13,92,66,5.86
36,Mataura,NZ,2022-04-01 01:23:49,-46.1927,168.8643,Clouds,56.53,53,100,5.68
37,Saskylakh,RU,2022-04-01 01:23:49,71.9167,114.0833,Clouds,9.1,96,100,8.14
38,Lubao,PH,2022-04-01 01:23:49,14.9167,120.55,Clouds,87.87,55,97,12.55
39,Arlit,NE,2022-04-01 01:23:50,18.7369,7.3853,Clear,78.22,4,3,7.34
40,Hobart,AU,2022-04-01 01:23:50,-42.8794,147.3294,Clouds,60.06,77,75,11.5
41,Kapaa,US,2022-04-01 01:23:50,22.0752,-159.319,Clouds,80.58,77,20,14.97
42,Dalaba,GN,2022-04-01 01:23:51,10.7,-12.25,Clouds,71.87,57,94,2.91
43,Arriana,GR,2022-04-01 01:23:51,41.0833,25.7,Clouds,56.55,69,84,13.2
44,Kaitangata,NZ,2022-04-01 01:23:51,-46.2817,169.8464,Clouds,54.45,54,100,7.07
45,Catuday,PH,2022-04-01 01:23:51,16.2923,119.8062,Clouds,84.22,62,100,10.78
46,Carnarvon,AU,2022-04-01 01:23:52,-24.8667,113.6333,Clouds,73.47,94,100,17.27
47,Sompeta,IN,2022-04-01 01:24:52,18.9333,84.6,Clouds,79.39,89,99,10.0
48,Dikson,RU,2022-04-01 01:24:52,73.5069,80.5464,Clouds,1.65,93,25,8.57
49,Hambantota,LK,2022-04-01 01:24:17,6.1241,81.1185,Clouds,78.04,83,25,1.25
50,Busselton,AU,2022-04-01 01:24:52,-33.65,115.3333,Clouds,74.07,68,64,13.29
51,Chulym,RU,2022-04-01 01:24:53,55.0997,80.9572,Clouds,34.05,82,100,16.33
52,Tuktoyaktuk,CA,2022-04-01 01:24:53,69.4541,-133.0374,Clear,-14.8,70,0,9.22
53,Kupang,ID,2022-04-01 01:24:53,-10.1667,123.5833,Clouds,81.48,69,27,3.71
54,Port Blair,IN,2022-04-01 01:24:53,11.6667,92.75,Mist,80.64,89,40,2.3
55,Loralai,PK,2022-04-01 01:24:54,30.3705,68.598,Clear,60.49,12,0,5.14
56,Doha,QA,2022-04-01 01:24:54,25.2867,51.5333,Clear,69.78,37,0,2.3
57,Lasa,IT,2022-04-01 01:24:54,46.6166,10.7002,Rain,45.01,97,100,3.58
58,Klaksvik,FO,2022-04-01 01:24:55,62.2266,-6.589,Clouds,36.52,66,99,10.67
59,Severo-Kurilsk,RU,2022-04-01 01:24:55,50.6789,156.125,Clouds,29.44,77,88,17.72
60,Tuatapere,NZ,2022-04-01 01:24:55,-46.1333,167.6833,Clouds,56.25,57,58,4.52
61,Saint-Augustin,CA,2022-04-01 01:24:55,51.226,-58.6502,Clear,19.6,91,8,5.82
62,Qui Nhon,VN,2022-04-01 01:24:56,13.7667,109.2333,Rain,77.36,87,93,2.64
63,Kloulklubed,PW,2022-04-01 01:24:56,7.0419,134.2556,Clouds,79.3,73,99,7.61
64,Bandarbeyla,SO,2022-04-01 01:24:56,9.4942,50.8122,Clear,79.09,82,0,9.84
65,Zyryanka,RU,2022-04-01 01:24:56,65.75,150.85,Clouds,3.25,87,91,8.5
66,Albany,US,2022-04-01 01:20:16,42.6001,-73.9662,Rain,56.73,93,100,1.01
67,Maku,IR,2022-04-01 01:24:57,39.2911,44.4521,Clouds,41.61,56,40,0.0
68,Keti Bandar,PK,2022-04-01 01:24:57,24.1447,67.4497,Clear,78.01,56,0,6.69
69,Khromtau,KZ,2022-04-01 01:24:57,50.2503,58.4347,Clouds,29.16,80,15,7.76
70,Pacific Grove,US,2022-04-01 01:24:57,36.6177,-121.9166,Clouds,64.02,77,20,8.01
71,Beboto,TD,2022-04-01 01:24:58,8.2668,16.939,Clouds,81.75,28,47,1.34
72,Ekhabi,RU,2022-04-01 01:24:58,53.5102,142.9671,Clear,17.15,79,6,11.61
73,Chivacoa,VE,2022-04-01 01:24:58,10.1603,-68.895,Clouds,71.22,91,100,6.35
74,Kavieng,PG,2022-04-01 01:23:12,-2.5744,150.7967,Rain,82.83,76,82,7.85
75,Ouadda,CF,2022-04-01 01:24:59,8.0777,22.4007,Clear,69.82,23,5,3.67
76,El Tarra,CO,2022-04-01 01:24:59,8.5756,-73.0949,Clouds,75.07,94,66,1.19
77,Korla,CN,2022-04-01 01:24:59,41.7597,86.1469,Clear,47.35,41,5,1.92
78,Aykhal,RU,2022-04-01 01:24:59,66.0,111.5,Snow,20.71,94,100,10.33
79,Nishihara,JP,2022-04-01 01:25:00,26.1842,127.7558,Clouds,67.28,68,75,25.32
80,Chokurdakh,RU,2022-04-01 01:25:00,70.6333,147.9167,Clouds,-12.41,96,61,2.93
81,Dovhe,UA,2022-04-01 01:25:00,48.3653,23.279,Rain,49.96,99,100,3.49
82,Hofn,IS,2022-04-01 01:25:00,64.2539,-15.2082,Clouds,38.73,64,100,1.43
83,Victoria,HK,2022-04-01 01:24:13,22.2855,114.1577,Clouds,68.97,88,100,13.0
84,Mahebourg,MU,2022-04-01 01:25:01,-20.4081,57.7,Rain,78.26,88,75,18.41
85,Arraial Do Cabo,BR,2022-04-01 01:25:01,-22.9661,-42.0278,Clouds,76.12,87,18,6.76
86,Cabo San Lucas,MX,2022-04-01 01:25:01,22.8909,-109.9124,Clouds,79.11,41,20,10.36
87,Sur,OM,2022-04-01 01:25:02,22.5667,59.5289,Clear,81.25,38,0,5.55
88,Valley City,US,2022-04-01 01:20:04,46.9233,-98.0032,Clear,37.92,44,0,0.0
89,Methoni,GR,2022-04-01 01:25:02,36.8197,21.7049,Clear,66.22,77,8,17.52
90,Pipar,IN,2022-04-01 01:25:03,26.3856,73.5378,Clear,74.05,12,0,3.8
91,Hobyo,SO,2022-04-01 01:26:03,5.3505,48.5268,Clouds,81.18,77,16,11.86
92,Castro,BR,2022-04-01 01:26:03,-24.7911,-50.0119,Clouds,54.64,98,100,9.15
93,Broken Hill,AU,2022-04-01 01:26:04,-31.95,141.4333,Clouds,65.91,42,40,16.11
94,Vao,NC,2022-04-01 01:26:04,-22.6667,167.4833,Clouds,78.64,87,66,16.06
95,Rocha,UY,2022-04-01 01:26:04,-34.4833,-54.3333,Clouds,54.23,77,94,4.16
96,Beian,NO,2022-04-01 01:26:05,63.6559,9.5683,Clouds,32.0,93,20,3.44
97,Burgos,ES,2022-04-01 01:24:59,42.3394,-3.7079,Clouds,34.21,86,75,12.66
98,Buchanan,LR,2022-04-01 01:26:05,5.8808,-10.0467,Clouds,80.37,86,96,5.88
99,Amahai,ID,2022-04-01 01:26:05,-3.3333,128.9167,Clouds,84.0,67,94,1.25
100,Norman Wells,CA,2022-04-01 01:26:05,65.282,-126.8329,Clouds,-7.56,54,20,18.41
101,Hamilton,US,2022-04-01 01:23:20,39.1834,-84.5333,Clouds,41.63,87,100,11.5
102,Qostanay,KZ,2022-04-01 01:26:06,53.1667,63.5833,Clear,26.89,100,0,2.24
103,Berlevag,NO,2022-04-01 01:26:06,70.8578,29.0864,Snow,27.3,72,100,11.32
104,Pombas,CV,2022-04-01 01:26:06,17.1503,-25.0201,Clouds,67.78,81,45,11.36
105,Dunedin,NZ,2022-04-01 01:26:06,-45.8742,170.5036,Clouds,56.8,49,100,4.03
106,Sevsk,RU,2022-04-01 01:26:07,52.1491,34.4926,Clouds,37.06,98,100,6.53
107,Kahului,US,2022-04-01 01:22:44,20.8947,-156.47,Clouds,82.42,57,40,20.71
108,Tayturka,RU,2022-04-01 01:26:07,52.8692,103.4608,Clouds,25.81,88,74,3.71
109,Cidreira,BR,2022-04-01 01:26:07,-30.1811,-50.2056,Clouds,60.04,69,77,4.36
110,Russell,US,2022-04-01 01:21:49,32.3502,-85.1999,Clear,67.28,64,0,0.0
111,Katsuura,JP,2022-04-01 01:26:08,35.1333,140.3,Rain,39.22,86,100,21.92
112,Hermanus,ZA,2022-04-01 01:26:08,-34.4187,19.2345,Clouds,62.91,70,95,9.46
113,Asau,RO,2022-04-01 01:26:08,46.4333,26.4,Clouds,51.28,79,72,6.22
114,Grand Gaube,MU,2022-04-01 01:26:08,-20.0064,57.6608,Clouds,78.39,78,84,10.0
115,Makakilo City,US,2022-04-01 01:22:35,21.3469,-158.0858,Rain,82.72,61,75,12.66
116,Kodiak,US,2022-04-01 01:22:21,57.79,-152.4072,Rain,40.51,93,100,25.32
117,Javanrud,IR,2022-04-01 01:26:09,34.7961,46.5172,Clear,49.14,53,0,2.24
118,Vestmanna,FO,2022-04-01 01:26:09,62.1564,-7.1664,Clouds,34.72,87,100,11.5
119,Jiuquan,CN,2022-04-01 01:26:09,39.7432,98.5174,Clear,40.35,19,0,1.39
120,Lavrentiya,RU,2022-04-01 01:26:09,65.5833,-171.0,Clouds,19.08,75,100,11.9
121,Rikitea,PF,2022-04-01 01:26:10,-23.1203,-134.9692,Clouds,76.93,70,99,16.82
122,Nikolskoye,RU,2022-04-01 01:26:10,59.7035,30.7861,Clouds,24.8,98,12,1.43
123,Kibaya,TZ,2022-04-01 01:26:10,-5.3,36.5667,Clouds,59.68,94,100,4.76
124,Saint-Philippe,RE,2022-04-01 01:26:11,-21.3585,55.7679,Rain,74.79,84,100,14.85
125,Mantua,IT,2022-04-01 01:26:11,45.1667,10.7833,Clouds,49.24,89,100,3.0
126,Kutum,SD,2022-04-01 01:26:11,14.2,24.6667,Clear,68.88,11,0,6.51
127,Tautira,PF,2022-04-01 01:26:11,-17.7333,-149.15,Clouds,81.73,72,66,12.26
128,Lucera,IT,2022-04-01 01:26:12,41.5082,15.3351,Clouds,51.62,76,100,14.52
129,Porto Novo,BJ,2022-04-01 01:26:12,6.4965,2.6036,Clouds,84.02,84,81,7.52
130,Balykshi,KZ,2022-04-01 01:26:12,47.0667,51.8667,Clear,39.2,87,0,4.47
131,Tessalit,ML,2022-04-01 01:26:12,20.1986,1.0114,Clouds,80.19,13,100,6.91
132,Rawson,AR,2022-04-01 01:26:13,-43.3002,-65.1023,Clouds,61.07,51,100,9.48
133,Yellowknife,CA,2022-04-01 01:26:13,62.456,-114.3525,Clouds,11.41,73,75,17.27
134,Nago,JP,2022-04-01 01:26:13,26.5881,127.9761,Clouds,66.63,81,100,16.13
135,Thompson,CA,2022-04-01 01:26:13,55.7435,-97.8558,Clouds,37.56,35,100,4.61
136,Penzance,GB,2022-04-01 01:26:14,50.1186,-5.5371,Clear,39.88,62,7,19.69
137,Alekseyevsk,RU,2022-04-01 01:26:14,57.8406,108.3492,Snow,34.21,97,100,12.91
138,Ornskoldsvik,SE,2022-04-01 01:26:14,63.2909,18.7153,Clouds,16.75,92,34,4.61
139,Port Alfred,ZA,2022-04-01 01:26:14,-33.5906,26.891,Clouds,63.18,95,100,4.0
140,Salalah,OM,2022-04-01 01:27:15,17.0151,54.0924,Clear,75.29,35,0,2.3
141,Tiksi,RU,2022-04-01 01:27:15,71.6872,128.8694,Snow,11.43,91,100,6.8
142,Cape Town,ZA,2022-04-01 01:24:20,-33.9258,18.4232,Clouds,62.11,72,20,19.57
143,San Policarpo,PH,2022-04-01 01:27:15,12.1791,125.5072,Clouds,81.73,82,98,11.88
144,Yumen,CN,2022-04-01 01:27:16,40.2833,97.2,Clear,38.41,19,0,9.06
145,Oranjemund,NA,2022-04-01 01:27:16,-28.55,16.4333,Clouds,58.15,92,12,13.24
146,Lukang,TW,2022-04-01 01:27:16,24.0567,120.4352,Clear,69.06,64,3,26.24
147,Whitecourt,CA,2022-04-01 01:27:16,54.1502,-115.6855,Clouds,42.04,45,75,17.27
148,Beipiao,CN,2022-04-01 01:27:17,41.7919,120.7792,Clear,41.16,21,5,3.98
149,Adre,TD,2022-04-01 01:27:17,13.4667,22.2,Clear,75.18,8,5,14.07
150,Sochi,RU,2022-04-01 01:24:55,43.6,39.7303,Clouds,55.49,63,100,9.46
151,Langsa,ID,2022-04-01 01:27:17,4.4683,97.9683,Clouds,78.21,82,91,1.16
152,Malang,ID,2022-04-01 01:27:17,-7.9797,112.6304,Clear,78.39,77,8,0.83
153,Rongcheng,CN,2022-04-01 01:27:18,30.634,117.8517,Clouds,47.64,63,100,6.44
154,Samarai,PG,2022-04-01 01:27:18,-10.6167,150.6667,Clouds,83.14,74,100,10.98
155,Agadez,NE,2022-04-01 01:27:18,19.75,10.25,Clear,74.89,4,0,7.9
156,Braganca,BR,2022-04-01 01:27:19,-1.0536,-46.7656,Clouds,72.72,99,100,1.68
157,Englewood,US,2022-04-01 01:24:17,39.6478,-104.9878,Clouds,58.77,25,75,9.22
158,Pundaguitan,PH,2022-04-01 01:27:19,6.3711,126.1689,Clouds,81.57,76,79,4.56
159,Port Hardy,CA,2022-04-01 01:27:19,50.6996,-127.4199,Clouds,46.58,81,40,5.75
160,Hun,LY,2022-04-01 01:27:19,29.1268,15.9477,Clouds,73.0,21,100,11.03
161,Puerto Escondido,MX,2022-04-01 01:27:20,15.85,-97.0667,Clouds,79.63,73,40,0.0
162,Lebu,CL,2022-04-01 01:27:20,-37.6167,-73.65,Clouds,53.92,79,100,20.24
163,Prado,BR,2022-04-01 01:27:20,-17.3411,-39.2208,Clear,77.43,84,1,6.82
164,Takoradi,GH,2022-04-01 01:27:21,4.8845,-1.7554,Clouds,79.65,84,23,6.76
165,Khandyga,RU,2022-04-01 01:27:21,62.6667,135.6,Clouds,6.76,91,100,0.65
166,Lukovetskiy,RU,2022-04-01 01:27:21,64.2956,41.9211,Clouds,11.55,97,100,4.97
167,Tramagal,PT,2022-04-01 01:27:21,39.45,-8.25,Clouds,51.96,88,98,10.16
168,Progreso,MX,2022-04-01 01:27:22,21.2833,-89.6667,Clear,84.31,86,5,12.15
169,Souillac,MU,2022-04-01 01:27:22,-20.5167,57.5167,Rain,77.38,88,75,18.41
170,Araouane,ML,2022-04-01 01:27:22,18.9048,-3.5265,Clouds,79.68,17,98,9.78
171,Sitka,US,2022-04-01 01:27:22,57.0531,-135.33,Clouds,46.29,61,100,8.05
172,Corowa,AU,2022-04-01 01:27:23,-36.0333,146.3833,Clouds,70.57,48,15,10.8
173,Port Elizabeth,ZA,2022-04-01 01:27:23,-33.918,25.5701,Clouds,65.32,80,100,13.8
174,Pevek,RU,2022-04-01 01:27:23,69.7008,170.3133,Clouds,-12.21,92,58,4.23
175,Flinders,AU,2022-04-01 01:27:23,-34.5833,150.8552,Rain,62.19,87,100,13.0
176,Mahuva,IN,2022-04-01 01:27:24,21.0914,71.7622,Clear,77.31,44,0,3.62
177,Kuryk,KZ,2022-04-01 01:27:24,43.2,51.65,Clouds,50.31,54,42,5.26
178,Jamestown,US,2022-04-01 01:23:17,42.097,-79.2353,Clouds,42.53,66,100,16.11
179,Kuito,AO,2022-04-01 01:27:24,-12.3833,16.9333,Rain,58.87,97,82,0.43
180,Riverton,US,2022-04-01 01:27:25,40.5219,-111.9391,Clear,49.39,50,0,4.61
181,Nan,TH,2022-04-01 01:23:54,18.8333,100.6667,Clear,73.42,88,6,3.44
182,Port Moresby,PG,2022-04-01 01:25:21,-9.4431,147.1797,Rain,76.42,94,100,10.65
183,Narsaq,GL,2022-04-01 01:27:25,60.9167,-46.05,Clouds,48.42,77,100,3.83
184,Mahanoro,MG,2022-04-01 01:27:25,-19.9,48.8,Rain,71.31,86,14,4.43
185,Santa Maria,BR,2022-04-01 01:24:55,-29.6842,-53.8069,Clear,47.5,100,0,2.3
186,Grootfontein,NA,2022-04-01 01:28:25,-19.5667,18.1167,Rain,62.92,92,54,1.54
187,Stornoway,GB,2022-04-01 01:28:26,58.2093,-6.3865,Clouds,30.16,93,100,3.44
188,Lewistown,US,2022-04-01 01:27:10,40.5992,-77.5714,Clouds,61.18,100,100,9.55
189,Nantucket,US,2022-04-01 01:28:19,41.2835,-70.0995,Mist,57.25,89,40,26.46
190,Xining,CN,2022-04-01 01:28:26,36.6167,101.7667,Clouds,35.13,70,55,4.14
191,Sibut,CF,2022-04-01 01:28:26,5.718,19.0739,Clouds,78.84,49,59,3.09
192,Sioux Lookout,CA,2022-04-01 01:28:27,50.1001,-91.917,Clouds,24.87,63,20,2.3
193,Seoul,KR,2022-04-01 01:28:27,37.5683,126.9778,Clear,51.37,48,0,5.75
194,Birjand,IR,2022-04-01 01:28:27,32.8663,59.2211,Clear,43.27,19,0,9.22
195,Leningradskiy,RU,2022-04-01 01:28:27,69.3833,178.4167,Clouds,7.74,90,100,5.3
196,Codrington,AU,2022-04-01 01:28:28,-38.2667,141.9667,Clouds,63.93,53,97,15.23
197,Cascas,PE,2022-04-01 01:28:28,-7.4833,-78.8167,Clouds,68.95,78,100,0.34
198,Novobirilyussy,RU,2022-04-01 01:28:28,56.9514,90.6661,Clouds,36.19,75,100,14.52
199,Nongan,CN,2022-04-01 01:28:28,44.382,125.1685,Clear,39.52,28,7,8.21
200,Bengkulu,ID,2022-04-01 01:28:29,-3.8004,102.2655,Clear,78.15,69,9,2.15
201,Northam,GB,2022-04-01 01:28:29,51.0333,-4.2167,Clouds,39.61,67,45,14.23
202,Sheboygan,US,2022-04-01 01:28:29,43.7333,-87.9334,Mist,32.29,88,100,8.05
203,Tikhvin,RU,2022-04-01 01:28:29,59.6451,33.5294,Clouds,4.21,98,59,2.62
204,Luderitz,NA,2022-04-01 01:28:30,-26.6481,15.1594,Clear,60.04,77,0,16.6
205,San Patricio,US,2022-04-01 01:28:30,28.017,-97.5169,Clouds,70.54,61,93,14.65
206,Namtsy,RU,2022-04-01 01:28:30,62.7161,129.6658,Clouds,13.44,92,98,3.98
207,Hangu,CN,2022-04-01 01:28:30,39.2489,117.7892,Clear,51.84,23,0,4.43
208,Grindavik,IS,2022-04-01 01:28:31,63.8424,-22.4338,Clouds,37.87,87,75,8.05
209,Abu Kamal,SY,2022-04-01 01:28:31,34.4506,40.9171,Clear,62.74,29,10,6.58
210,Talnakh,RU,2022-04-01 01:28:31,69.4865,88.3972,Snow,13.21,96,100,5.82
211,Olga,RU,2022-04-01 01:28:31,43.7444,135.2892,Clouds,36.95,35,85,13.15
212,Lorengau,PG,2022-04-01 01:28:32,-2.0226,147.2712,Clouds,85.53,69,55,15.55
213,Tasiilaq,GL,2022-04-01 01:28:32,65.6145,-37.6368,Clouds,33.96,98,100,4.94
214,Faanui,PF,2022-04-01 01:28:32,-16.4833,-151.75,Clouds,82.08,67,28,12.84
215,Te Anau,NZ,2022-04-01 01:28:33,-45.4167,167.7167,Clouds,55.92,62,95,1.34
216,Lata,PT,2022-04-01 01:28:33,40.1629,-8.3327,Clouds,56.8,93,74,3.67
217,Trairi,BR,2022-04-01 01:28:33,-3.2778,-39.2689,Clouds,74.66,90,100,4.25
218,Hearst,CA,2022-04-01 01:28:33,49.6835,-83.6665,Snow,21.45,93,100,12.48
219,Mala Danylivka,UA,2022-04-01 01:28:34,50.0635,36.1656,Clouds,50.45,70,100,8.25
220,Santarem,BR,2022-04-01 01:28:34,-2.4431,-54.7083,Clouds,75.33,100,75,3.44
221,Bari,IT,2022-04-01 01:28:34,41.1177,16.8512,Clouds,57.87,77,97,10.36
222,Dingle,PH,2022-04-01 01:28:34,10.9995,122.6711,Clouds,84.54,68,61,10.71
223,Nouadhibou,MR,2022-04-01 01:28:35,20.931,-17.0347,Clear,64.38,77,0,19.57
224,Puerto Colombia,CO,2022-04-01 01:28:35,10.9878,-74.9547,Clouds,78.89,84,71,21.14
225,Belyy Yar,RU,2022-04-01 01:28:35,53.6039,91.3903,Clear,33.69,74,0,2.24
226,Nome,US,2022-04-01 01:28:35,64.5011,-165.4064,Clouds,28.17,80,100,18.41
227,Bethel,US,2022-04-01 01:28:36,41.3712,-73.414,Mist,61.03,91,100,17.27
228,Buraydah,SA,2022-04-01 01:28:36,26.326,43.975,Clear,70.25,19,0,10.51
229,Georgetown,MY,2022-04-01 01:28:36,5.4112,100.3354,Clouds,84.13,87,20,4.61
230,Clyde River,CA,2022-04-01 01:28:36,70.4692,-68.5914,Clear,-3.77,84,0,3.44
231,Khatanga,RU,2022-04-01 01:28:37,71.9667,102.5,Clouds,4.96,98,100,6.33
232,Ponta Do Sol,PT,2022-04-01 01:29:37,32.6667,-17.1,Clouds,61.72,81,75,4.21
233,Opuwo,NA,2022-04-01 01:29:37,-18.0607,13.84,Clouds,73.02,62,100,3.29
234,Severodvinsk,RU,2022-04-01 01:29:37,64.5635,39.8302,Clouds,19.51,91,90,8.75
235,Baruun-Urt,MN,2022-04-01 01:29:38,46.6806,113.2792,Clouds,33.08,23,100,6.53
236,Rincon,US,2022-04-01 01:29:38,32.296,-81.2354,Clouds,73.36,68,40,14.97
237,Fairbanks,US,2022-04-01 01:28:51,64.8378,-147.7164,Clear,29.3,29,0,12.66
238,Mar Del Plata,AR,2022-04-01 01:29:38,-38.0023,-57.5575,Clear,56.88,78,0,5.01
239,La Presa,US,2022-04-01 01:29:39,32.7081,-116.9973,Clouds,61.74,79,100,11.5
240,New Norfolk,AU,2022-04-01 01:29:39,-42.7826,147.0587,Clouds,58.71,58,98,3.0
241,San Juan,AR,2022-04-01 01:27:35,-31.5375,-68.5364,Clear,59.83,20,0,3.87
242,Jimo,CN,2022-04-01 01:29:39,36.3897,120.4622,Clear,47.98,34,0,8.95
243,Praia,CV,2022-04-01 01:29:39,14.9215,-23.5087,Clear,70.34,78,0,12.66
244,Srednekolymsk,RU,2022-04-01 01:29:40,67.45,153.6833,Clouds,0.7,85,99,4.18
245,Guerrero Negro,MX,2022-04-01 01:29:40,27.9769,-114.0611,Clear,61.92,68,6,20.24
246,Qaanaaq,GL,2022-04-01 01:29:40,77.484,-69.3632,Clouds,24.01,72,100,3.11
247,Lagoa,PT,2022-04-01 01:29:40,39.05,-27.9833,Clouds,60.46,90,100,23.17
248,Smithers,CA,2022-04-01 01:29:41,54.7804,-127.1743,Clouds,44.92,36,75,10.36
249,Honningsvag,NO,2022-04-01 01:29:41,70.9821,25.9704,Clouds,28.15,64,100,11.5
250,Yarim,YE,2022-04-01 01:29:41,14.298,44.3779,Clear,51.22,23,0,5.39
251,Inhambane,MZ,2022-04-01 01:29:41,-23.865,35.3833,Clear,75.38,82,0,6.67
252,Dolinsk,RU,2022-04-01 01:29:42,47.35,142.8,Clouds,31.42,63,100,1.99
253,Dandong,CN,2022-04-01 01:29:42,40.1292,124.3947,Clear,45.41,29,0,8.93
254,Whitehorse,CA,2022-04-01 01:29:42,60.7161,-135.0538,Clouds,39.09,44,20,12.66
255,Kieta,PG,2022-04-01 01:29:42,-6.2167,155.6333,Rain,83.79,77,100,2.06
256,Wamba,NG,2022-04-01 01:29:43,8.9333,8.6,Clouds,77.32,29,100,5.21
257,Kostomuksha,RU,2022-04-01 01:29:43,64.571,30.5767,Clouds,2.91,97,30,3.89
258,Tomatlan,MX,2022-04-01 01:29:43,19.9333,-105.25,Clouds,73.09,56,100,4.81
259,Vrable,SK,2022-04-01 01:29:44,48.2437,18.3085,Rain,47.89,90,100,4.56
260,Manzanillo,CU,2022-04-01 01:29:44,20.3433,-77.1167,Rain,78.73,72,74,2.46
261,Manokwari,ID,2022-04-01 01:29:44,-0.8667,134.0833,Clouds,81.95,72,96,0.78
262,Faya,SA,2022-04-01 01:29:44,18.3851,42.4509,Clear,55.51,20,0,4.94
263,Santa Engracia,ES,2022-04-01 01:29:45,41.9406,-1.3245,Clouds,46.13,74,13,28.14
264,Bougouni,ML,2022-04-01 01:29:45,11.417,-7.479,Clear,90.32,23,8,3.29
265,Cayenne,GF,2022-04-01 01:29:45,4.9333,-52.3333,Clouds,81.09,1,75,8.05
266,Fare,PF,2022-04-01 01:29:45,-16.7,-151.0167,Clouds,82.08,68,33,11.88
267,Zhaotong,CN,2022-04-01 01:29:46,27.3167,103.7167,Clouds,36.37,99,100,3.24
268,Ancud,CL,2022-04-01 01:29:46,-41.8697,-73.8203,Clouds,50.0,84,82,1.88
269,Labrea,BR,2022-04-01 01:29:46,-7.2586,-64.7981,Clouds,74.8,96,20,2.82
270,Gdov,RU,2022-04-01 01:29:46,58.7406,27.8122,Clouds,19.51,96,12,3.53
271,Guangzhou,CN,2022-04-01 01:27:31,23.1167,113.25,Clouds,62.55,69,100,13.78
272,Ayaviri,PE,2022-04-01 01:29:47,-14.8864,-70.5889,Clouds,41.9,94,100,3.62
273,Astoria,US,2022-04-01 01:29:47,46.1879,-123.8313,Clouds,51.71,69,40,8.05
274,Goderich,CA,2022-04-01 01:29:47,43.7501,-81.7165,Clouds,35.91,86,100,5.75
275,Tezu,IN,2022-04-01 01:29:48,27.9167,96.1667,Clouds,68.45,93,100,3.71
276,College,US,2022-04-01 01:29:48,64.8569,-147.8028,Clear,29.28,29,0,12.66
277,Arteaga,MX,2022-04-01 01:29:40,18.4667,-102.4167,Clouds,66.56,63,81,5.23
278,Antofagasta,CL,2022-04-01 01:29:48,-23.65,-70.4,Clouds,61.88,82,36,4.63
279,Yar-Sale,RU,2022-04-01 01:30:48,66.8333,70.8333,Clouds,12.81,84,100,16.35
280,Oktyabrskoye,RU,2022-04-01 01:30:49,43.0645,44.7417,Clear,35.74,75,1,8.95
281,Saint Anthony,US,2022-04-01 01:30:49,45.0205,-93.218,Clouds,34.66,61,40,6.91
282,Zile,TR,2022-04-01 01:30:49,40.3031,35.8864,Clouds,49.59,57,99,4.47
283,Bagan,RU,2022-04-01 01:30:50,54.1001,77.6646,Clouds,29.8,84,100,10.42
284,Hithadhoo,MV,2022-04-01 01:30:50,-0.6,73.0833,Clear,82.54,69,6,5.44
285,Tokur,RU,2022-04-01 01:30:50,53.1333,132.9,Clouds,19.47,61,16,5.86
286,Finnsnes,NO,2022-04-01 01:30:50,69.2296,17.9811,Snow,23.61,94,100,3.94
287,Ahipara,NZ,2022-04-01 01:30:51,-35.1667,173.1667,Clouds,72.28,66,100,2.51
288,Khoy,IR,2022-04-01 01:30:51,38.5504,44.9535,Clouds,45.52,35,14,3.36
289,Poum,NC,2022-04-01 01:30:51,-20.2333,164.0167,Clouds,81.23,78,87,3.22
290,Corner Brook,CA,2022-04-01 01:30:51,48.9667,-57.9484,Clouds,32.16,97,56,3.15
291,Quang Ngai,VN,2022-04-01 01:30:52,15.1167,108.8,Clouds,73.69,97,100,2.59
292,Kruisfontein,ZA,2022-04-01 01:30:52,-34.0033,24.7314,Clouds,62.89,81,100,4.5
293,Deputatskiy,RU,2022-04-01 01:30:52,69.3,139.9,Clouds,0.07,87,17,1.68
294,Iqaluit,CA,2022-04-01 01:29:49,63.7506,-68.5145,Snow,24.53,92,100,10.36
295,Taiping,MY,2022-04-01 01:30:45,4.85,100.7333,Clouds,78.22,74,42,2.48
296,Svetlogorsk,BY,2022-04-01 01:30:53,52.6333,29.7333,Clouds,33.85,97,100,13.91
297,Oum Hadjer,TD,2022-04-01 01:30:53,13.2954,19.6966,Clear,79.2,10,8,9.98
298,Hermiston,US,2022-04-01 01:27:50,45.8404,-119.2895,Clouds,58.82,36,40,6.91
299,Klyuchi,RU,2022-04-01 01:30:53,52.2667,79.1667,Clouds,33.06,83,100,8.59
300,Comodoro Rivadavia,AR,2022-04-01 01:30:53,-45.8667,-67.5,Clear,51.66,50,0,3.44
301,Eureka,US,2022-04-01 01:30:54,40.8021,-124.1637,Clouds,54.21,77,98,10.0
302,Taoudenni,ML,2022-04-01 01:30:54,22.6783,-3.9836,Clouds,76.57,10,100,7.47
303,Yilan,TW,2022-04-01 01:30:54,24.757,121.753,Clouds,67.01,86,100,3.44
304,Norrtalje,SE,2022-04-01 01:30:37,59.758,18.705,Clouds,31.01,85,39,3.29
305,Constitucion,CL,2022-04-01 01:30:54,-35.3333,-72.4167,Clouds,55.98,62,36,10.65
306,Rapid Valley,US,2022-04-01 01:30:55,44.0625,-103.1463,Clouds,52.0,47,75,5.75
307,Ust-Koksa,RU,2022-04-01 01:30:55,50.2696,85.6108,Clouds,25.27,74,93,1.63
308,Isangel,VU,2022-04-01 01:30:55,-19.55,169.2667,Clouds,85.86,72,92,7.36
309,Sursk,RU,2022-04-01 01:30:55,53.0754,45.6846,Clouds,37.0,100,100,4.88
310,Kota Bahru,MY,2022-04-01 01:30:56,6.1333,102.2386,Clouds,78.75,83,20,5.01
311,Esperance,AU,2022-04-01 01:30:56,-33.8667,121.9,Clouds,71.44,54,57,15.64
312,Longyearbyen,SJ,2022-04-01 01:30:56,78.2186,15.6401,Clouds,8.44,61,20,20.71
313,Bangassou,CF,2022-04-01 01:30:57,4.7413,22.8184,Clouds,76.95,62,85,2.95
314,Ambon,ID,2022-04-01 01:30:57,-3.6954,128.1814,Clouds,93.34,59,40,4.61
315,Alofi,NU,2022-04-01 01:30:57,-19.0595,-169.9187,Clouds,87.69,70,40,5.75
316,Orebro,SE,2022-04-01 01:30:57,59.2741,15.2066,Clear,27.25,56,0,10.36
317,Griffith,US,2022-04-01 01:30:58,41.5284,-87.4237,Snow,35.55,87,100,4.61
318,Gat,IL,2022-04-01 01:30:58,31.61,34.7642,Clear,71.4,44,3,2.17
319,Irituia,BR,2022-04-01 01:30:58,-1.7711,-47.4381,Rain,72.61,99,100,1.77
320,Mayo,US,2022-04-01 01:27:46,38.8876,-76.5119,Mist,70.61,92,100,13.8
321,Bambous Virieux,MU,2022-04-01 01:30:58,-20.3428,57.7575,Rain,78.22,88,75,18.41
322,Lisakovsk,KZ,2022-04-01 01:30:59,52.5369,62.4936,Clouds,33.08,90,75,8.37
323,Beyneu,KZ,2022-04-01 01:30:59,45.3167,55.2,Clear,46.36,57,0,6.02
324,Aasiaat,GL,2022-04-01 01:31:59,68.7098,-52.8699,Clouds,4.87,99,91,2.37
325,Cervo,ES,2022-04-01 01:31:59,43.6702,-7.4101,Clouds,46.92,58,98,13.04
326,Emerald,AU,2022-04-01 01:32:00,-23.5333,148.1667,Clouds,85.33,45,40,6.91
327,Ugoofaaru,MV,2022-04-01 01:32:00,5.6667,73.0,Clear,83.01,71,10,3.62
328,Romny,UA,2022-04-01 01:32:00,50.751,33.4747,Clouds,48.29,93,100,6.98
329,East London,ZA,2022-04-01 01:32:01,-33.0153,27.9116,Rain,66.78,92,100,9.75
330,Zambezi,ZM,2022-04-01 01:32:01,-13.5432,23.1047,Clouds,62.46,98,69,4.65
331,Sao Filipe,CV,2022-04-01 01:32:01,14.8961,-24.4956,Clouds,71.22,77,62,12.26
332,Airai,TL,2022-04-01 01:32:01,-8.9266,125.4092,Clear,73.26,48,3,1.14
333,Vostok,RU,2022-04-01 01:32:02,46.4856,135.8833,Clouds,23.23,76,100,11.16
334,Anshun,CN,2022-04-01 01:32:02,26.25,105.9333,Clouds,43.36,89,100,11.68
335,Nanortalik,GL,2022-04-01 01:32:02,60.1432,-45.2371,Clouds,34.52,85,100,5.68
336,Torbay,CA,2022-04-01 01:32:03,47.6666,-52.7314,Clouds,36.57,73,100,21.85
337,Yerbogachen,RU,2022-04-01 01:32:03,61.2767,108.0108,Snow,31.91,79,100,16.8
338,Yaan,NG,2022-04-01 01:32:03,7.3833,8.5667,Clouds,81.75,65,63,9.71
339,Arua,UG,2022-04-01 01:32:03,3.0201,30.9111,Clouds,65.82,74,100,4.63
340,Kununurra,AU,2022-04-01 01:32:04,-15.7667,128.7333,Clear,93.18,29,2,6.91
341,Kendrapara,IN,2022-04-01 01:32:04,20.5042,86.416,Clouds,83.59,73,100,13.53
342,Tretten,NO,2022-04-01 01:32:04,61.3142,10.3007,Clouds,21.81,97,100,2.08
343,Gibraleon,ES,2022-04-01 01:32:04,37.3763,-6.969,Clear,53.02,64,3,11.21
344,Pompeu,BR,2022-04-01 01:32:05,-19.2244,-44.9353,Clouds,70.27,72,91,4.54
345,Mazagao,BR,2022-04-01 01:32:05,-0.115,-51.2894,Rain,78.85,98,100,2.44
346,Coreau,BR,2022-04-01 01:32:05,-3.5333,-40.6567,Clouds,72.73,93,99,0.63
347,Richards Bay,ZA,2022-04-01 01:31:00,-28.783,32.0377,Clear,68.85,94,0,5.3
348,Denpasar,ID,2022-04-01 01:32:06,-8.65,115.2167,Rain,78.46,88,75,4.61
349,Loa Janan,ID,2022-04-01 01:32:06,-0.583,117.095,Clouds,89.13,57,37,1.54
350,Ballina,AU,2022-04-01 01:32:06,-28.8667,153.5667,Clouds,77.18,69,63,14.65
351,La Union,PE,2022-04-01 01:32:06,-5.4,-80.75,Clouds,74.57,67,84,15.01
352,Warrnambool,AU,2022-04-01 01:32:07,-38.3833,142.4833,Clouds,66.81,56,40,18.19
353,Touros,BR,2022-04-01 01:32:07,-5.1989,-35.4608,Clouds,80.74,76,100,11.34
354,Nikki,BJ,2022-04-01 01:32:07,9.9401,3.2108,Clouds,82.31,50,24,7.0
355,Tazovskiy,RU,2022-04-01 01:32:08,67.4667,78.7,Snow,13.89,93,100,16.42
356,Nemuro,JP,2022-04-01 01:32:08,43.3236,145.575,Snow,27.88,87,100,14.72
357,Maldonado,UY,2022-04-01 01:32:01,-34.6667,-54.9167,Clouds,54.79,75,98,1.92
358,Nara,JP,2022-04-01 01:32:08,34.6851,135.8049,Clouds,52.97,31,50,16.17
359,Tura,IN,2022-04-01 01:32:08,25.5198,90.2201,Clouds,74.84,78,58,2.57
360,Ruidoso,US,2022-04-01 01:32:09,33.3317,-105.673,Clouds,53.96,31,20,14.97
361,Sechura,PE,2022-04-01 01:32:09,-5.5569,-80.8222,Clouds,72.5,75,86,15.1
362,Rosetta,EG,2022-04-01 01:32:09,31.4044,30.4164,Clouds,57.65,74,70,9.93
363,Riberalta,BO,2022-04-01 01:32:09,-10.9833,-66.1,Clouds,65.79,96,100,4.92
364,Mombetsu,JP,2022-04-01 01:32:10,44.3525,143.3525,Clouds,35.62,69,20,6.91
365,Belmonte,BR,2022-04-01 01:32:10,-15.8631,-38.8828,Clear,77.5,81,3,6.46
366,Meulaboh,ID,2022-04-01 01:32:10,4.1363,96.1285,Clouds,80.98,75,42,2.59
367,Along,IN,2022-04-01 01:32:10,28.1667,94.7667,Clouds,66.87,98,100,1.16
368,Ajdabiya,LY,2022-04-01 01:32:11,30.7554,20.2263,Clouds,73.18,16,100,10.54
369,Saint-Georges,GD,2022-04-01 01:32:11,12.0564,-61.7485,Clouds,78.48,83,20,12.66
370,Acapulco,MX,2022-04-01 01:32:11,16.8634,-99.8901,Clouds,76.82,69,20,5.75
371,Ilulissat,GL,2022-04-01 01:32:12,69.2167,-51.1,Clouds,17.62,93,100,2.3
372,Sokoni,TZ,2022-04-01 01:33:12,-6.4333,39.55,Rain,80.46,79,52,6.67
373,Dudinka,RU,2022-04-01 01:33:12,69.4058,86.1778,Clouds,13.62,93,100,7.16
374,Yeppoon,AU,2022-04-01 01:33:12,-23.1333,150.7333,Clouds,82.18,67,33,13.02
375,Zeya,RU,2022-04-01 01:33:13,53.75,127.2667,Clouds,34.05,59,89,4.65
376,Haines Junction,CA,2022-04-01 01:33:13,60.7522,-137.5108,Clouds,37.35,48,93,11.5
377,Mungaa,TZ,2022-04-01 01:33:13,-4.9667,34.8833,Clouds,57.27,96,35,5.79
378,Dombarovskiy,RU,2022-04-01 01:33:14,50.7587,59.5386,Clouds,29.95,82,17,7.78
379,Orahovac,XK,2022-04-01 01:33:14,42.3994,20.6547,Clouds,51.66,89,99,5.5
380,Balogo,PH,2022-04-01 01:33:14,10.8868,124.7105,Clouds,81.9,79,96,4.25
381,Ust-Nera,RU,2022-04-01 01:33:14,64.5667,143.2,Clouds,6.21,81,48,1.9
382,Edd,ER,2022-04-01 01:33:15,13.9297,41.6925,Clear,83.68,32,0,12.95
383,Bikin,RU,2022-04-01 01:33:15,46.8161,134.26,Clear,32.23,52,8,11.63
384,Hanting,CN,2022-04-01 01:33:15,36.7708,119.2108,Clouds,50.43,22,29,7.99
385,Vilhena,BR,2022-04-01 01:33:15,-12.7406,-60.1458,Rain,61.72,98,100,4.63
386,Labuhan,ID,2022-04-01 01:33:16,-6.8844,112.2051,Clouds,80.6,78,68,7.25
387,Taksimo,RU,2022-04-01 01:33:16,56.3444,114.8794,Clouds,23.13,75,99,0.85
388,Tilichiki,RU,2022-04-01 01:33:16,60.4667,166.1,Clouds,7.14,75,97,10.83
389,Valdivia,CL,2022-04-01 01:30:24,-39.8142,-73.2459,Clouds,48.29,86,100,2.89
390,Canatlan,MX,2022-04-01 01:33:17,24.5167,-104.7833,Clouds,63.81,13,98,14.43
391,Plettenberg Bay,ZA,2022-04-01 01:33:17,-34.0527,23.3716,Clouds,62.76,82,100,1.83
392,Vila Velha,BR,2022-04-01 01:33:17,-20.3297,-40.2925,Clouds,80.55,89,75,5.99
393,Half Moon Bay,US,2022-04-01 01:33:17,37.4636,-122.4286,Mist,65.53,74,0,17.27
394,Vardo,NO,2022-04-01 01:33:18,70.3705,31.1107,Snow,26.76,71,100,11.1
395,Shelomi,IL,2022-04-01 01:33:18,33.0747,35.1461,Clear,63.23,48,0,8.48
396,Kozhva,RU,2022-04-01 01:33:18,65.1073,57.0459,Clouds,12.94,97,99,5.35
397,Talcahuano,CL,2022-04-01 01:30:27,-36.7167,-73.1167,Clear,55.08,71,0,9.22
398,Bansi,IN,2022-04-01 01:33:18,27.1833,82.9333,Clear,80.87,46,0,8.01
399,Safford,US,2022-04-01 01:33:19,32.834,-109.7076,Clear,74.32,21,0,5.75
400,Sistranda,NO,2022-04-01 01:33:19,63.7256,8.834,Snow,24.76,57,100,6.24
401,Aklavik,CA,2022-04-01 01:33:19,68.2191,-135.0107,Clouds,-11.15,89,99,5.32
402,Barwala,IN,2022-04-01 01:33:19,29.3833,75.9167,Clear,75.97,11,0,3.69
403,Teya,RU,2022-04-01 01:33:20,60.3778,92.6267,Snow,28.26,96,100,3.83
404,Pokaran,IN,2022-04-01 01:33:20,26.9167,71.9167,Clear,79.56,10,0,6.2
405,Yulara,AU,2022-04-01 01:33:20,-25.2406,130.9889,Clouds,71.44,28,100,17.27
406,Mayumba,GA,2022-04-01 01:33:20,-3.432,10.6554,Rain,76.17,94,100,4.83
407,Portland,US,2022-04-01 01:28:22,45.5234,-122.6762,Clouds,55.47,62,75,9.22
408,Brae,GB,2022-04-01 01:33:21,60.3964,-1.353,Clouds,36.55,59,55,10.27
409,Coquimbo,CL,2022-04-01 01:33:16,-29.9533,-71.3436,Clear,56.93,88,0,3.44
410,Beringovskiy,RU,2022-04-01 01:33:21,63.05,179.3167,Snow,20.79,95,100,20.45
411,Shenjiamen,CN,2022-04-01 01:33:21,29.9576,122.298,Clouds,52.18,61,100,21.34
412,Ivybridge,GB,2022-04-01 01:33:22,50.3904,-3.9191,Clear,36.86,78,6,10.56
413,Acari,PE,2022-04-01 01:33:22,-15.4311,-74.6158,Clouds,72.16,72,28,3.27
414,Front Royal,US,2022-04-01 01:33:22,38.9182,-78.1944,Clouds,62.91,94,75,0.0
415,Algiers,DZ,2022-04-01 01:33:22,36.7525,3.042,Clouds,49.82,82,20,10.36
416,Lingao,CN,2022-04-01 01:33:23,19.9103,109.6859,Clouds,70.57,95,100,16.35
417,Hurricane,US,2022-04-01 01:32:10,37.1753,-113.2899,Clouds,70.27,28,31,11.16
418,Jackson,US,2022-04-01 01:31:43,42.4165,-122.8345,Clear,60.67,41,0,6.91
419,Sawakin,SD,2022-04-01 01:34:23,19.1059,37.3321,Clear,73.51,80,0,5.35
420,Promyshlennaya,RU,2022-04-01 01:34:23,54.9159,85.6385,Clouds,34.75,79,100,15.3
421,Tibu,CO,2022-04-01 01:34:26,8.639,-72.7358,Clouds,74.52,92,62,2.13
422,Udachnyy,RU,2022-04-01 01:34:26,66.4167,112.4,Snow,25.45,92,100,9.64
423,Tiznit,MA,2022-04-01 01:34:27,29.5833,-9.5,Clear,54.21,83,5,3.47
424,Beacon,US,2022-04-01 01:34:00,41.5048,-73.9696,Thunderstorm,62.89,88,100,12.66
425,Basco,PH,2022-04-01 01:34:27,20.4487,121.9702,Clouds,78.46,78,42,26.37
426,Namatanai,PG,2022-04-01 01:34:27,-3.6667,152.4333,Clouds,85.89,67,95,11.83
427,Karratha,AU,2022-04-01 01:34:27,-20.7377,116.8463,Clouds,88.48,57,33,10.09
428,Juneau,US,2022-04-01 01:34:28,58.3019,-134.4197,Clouds,41.0,95,100,17.27
429,Santa Isabel Do Rio Negro,BR,2022-04-01 01:34:28,-0.4139,-65.0192,Clouds,73.15,85,72,3.13
430,Egvekinot,RU,2022-04-01 01:34:28,66.3167,-179.1667,Clouds,11.8,82,99,12.48
431,Baracoa,CU,2022-04-01 01:34:29,20.3467,-74.4958,Clouds,76.51,85,58,10.87
432,Moose Factory,CA,2022-04-01 01:34:29,51.2585,-80.6094,Clouds,23.0,86,100,19.57
433,Jalu,LY,2022-04-01 01:34:29,29.0331,21.5482,Clouds,75.07,11,100,12.59
434,Pointe Michel,DM,2022-04-01 01:34:29,15.25,-61.3833,Clouds,77.29,78,78,16.6
435,Antsohihy,MG,2022-04-01 01:34:30,-14.8796,47.9875,Clouds,73.09,86,100,4.21
436,Moron,AR,2022-04-01 01:34:30,-34.6534,-58.6198,Clear,58.75,68,0,1.43
437,Alyangula,AU,2022-04-01 01:34:30,-13.8483,136.4192,Clouds,87.67,66,75,8.05
438,Fortuna,US,2022-04-01 01:34:30,40.5982,-124.1573,Clouds,53.94,73,40,13.8
439,Maniitsoq,GL,2022-04-01 01:34:31,65.4167,-52.9,Clouds,21.06,83,26,2.95
440,Hackettstown,US,2022-04-01 01:33:01,40.854,-74.8291,Rain,66.52,79,100,10.36
441,Sanchor,IN,2022-04-01 01:34:31,24.7553,71.7722,Clear,77.97,23,0,3.44
442,Koulikoro,ML,2022-04-01 01:34:31,14.0,-7.75,Clouds,77.34,11,96,3.0
443,Kuala Terengganu,MY,2022-04-01 01:34:31,5.3302,103.1408,Clouds,80.55,89,20,3.44
444,Porto Nacional,BR,2022-04-01 01:34:32,-10.7081,-48.4172,Rain,78.8,94,100,1.79
445,Geraldton,AU,2022-04-01 01:34:32,-28.7667,114.6,Clouds,75.61,78,100,18.41
446,Tavda,RU,2022-04-01 01:34:32,58.0425,65.2726,Clouds,22.73,92,100,3.69
447,Kalispell,US,2022-04-01 01:32:03,48.1958,-114.3129,Clouds,41.68,59,20,10.0
448,Ternate,ID,2022-04-01 01:34:33,0.8,127.4,Clouds,83.88,67,98,7.45
449,Rio Grande,BR,2022-04-01 01:34:33,-32.035,-52.0986,Clouds,49.95,63,100,8.81
450,Karsava,LV,2022-04-01 01:34:33,56.7841,27.6883,Clouds,25.59,55,94,5.19
451,Hovd,MN,2022-04-01 01:34:33,48.0056,91.6419,Clouds,32.92,25,11,2.55
452,Margate,GB,2022-04-01 01:34:34,51.3813,1.3862,Clouds,38.7,76,100,18.01
453,Sobolevo,RU,2022-04-01 01:34:34,54.4299,31.8996,Clouds,26.02,96,100,10.45
454,San Luis,AR,2022-04-01 01:34:34,-33.295,-66.3356,Clear,50.02,34,0,3.74
455,Casino,AU,2022-04-01 01:34:34,-28.8667,153.05,Clear,76.95,47,9,6.91
456,Sindor,RU,2022-04-01 01:34:35,62.8629,51.8905,Clouds,18.45,96,100,5.44
457,Chernyshevskiy,RU,2022-04-01 01:34:35,63.0128,112.4714,Snow,27.68,95,100,14.18
458,Taguisa,PH,2022-04-01 01:34:35,6.6983,124.0358,Clear,84.24,71,4,5.01
459,Dutlwe,BW,2022-04-01 01:34:35,-23.9833,23.9,Clouds,67.73,44,35,7.83
460,Guaira,BR,2022-04-01 01:32:27,-20.3183,-48.3106,Rain,68.63,91,78,6.08
461,Bilma,NE,2022-04-01 01:35:36,18.6853,12.9164,Clear,72.03,5,1,5.37
462,Iracoubo,GF,2022-04-01 01:35:36,5.4802,-53.2011,Rain,77.14,81,96,8.34
463,Road Town,VG,2022-04-01 01:35:36,18.4167,-64.6167,Clouds,78.84,69,40,16.11
464,Leeton,AU,2022-04-01 01:35:37,-34.5667,146.4,Clear,69.85,32,0,12.66
465,Ahuimanu,US,2022-04-01 01:35:37,21.4447,-157.8378,Rain,83.91,78,75,12.66
466,Pisco,PE,2022-04-01 01:35:37,-13.7,-76.2167,Clear,68.05,73,0,10.36
467,Labuan,MY,2022-04-01 01:35:37,5.2767,115.2417,Clouds,84.56,83,20,1.14
468,Yanam,IN,2022-04-01 01:35:38,16.7333,82.2167,Clouds,82.6,79,96,4.54
469,Neepawa,CA,2022-04-01 01:35:38,50.2289,-99.4664,Clouds,36.0,91,98,3.91
470,Lebyazhye,RU,2022-04-01 01:35:38,55.2689,66.4947,Clouds,24.85,97,97,6.55
471,Cockburn Town,TC,2022-04-01 01:32:54,21.4612,-71.1419,Clear,77.23,82,1,23.76
472,Dongsheng,CN,2022-04-01 01:35:38,39.8161,109.9776,Clear,44.06,21,0,18.03
473,Belawan,ID,2022-04-01 01:35:39,3.7755,98.6832,Clouds,79.09,75,92,3.98
474,Yatou,CN,2022-04-01 01:35:39,37.15,122.3833,Clouds,47.34,40,80,13.4
475,Buta,CD,2022-04-01 01:35:39,2.7858,24.73,Clouds,70.56,94,67,2.73
476,Evensk,RU,2022-04-01 01:35:39,61.95,159.2333,Clouds,18.43,65,35,8.99
477,Codajas,BR,2022-04-01 01:35:40,-3.8367,-62.0569,Clouds,73.76,98,100,2.73
478,Cordoba,AR,2022-04-01 01:31:26,-31.4135,-64.1811,Clear,56.19,72,0,5.75
479,Solnechnyy,RU,2022-04-01 01:34:21,50.7214,136.6319,Clouds,26.98,61,73,5.95
480,San Cristobal,VE,2022-04-01 01:35:40,7.7669,-72.225,Clouds,71.78,80,76,1.36
481,Barnstaple,GB,2022-04-01 01:35:40,51.0802,-4.0581,Clouds,40.21,69,42,12.53
482,Castelldefels,ES,2022-04-01 01:35:41,41.2779,1.9703,Clear,52.12,75,0,6.91
483,Santa Rosa,PH,2022-04-01 01:33:41,14.3122,121.1114,Clouds,90.09,69,100,12.84
484,Mitsamiouli,KM,2022-04-01 01:35:41,-11.3847,43.2844,Clouds,80.56,74,33,2.37
485,Taseyevo,RU,2022-04-01 01:35:41,57.2169,94.8978,Clouds,38.73,74,100,12.62
486,Ewa Beach,US,2022-04-01 01:31:55,21.3156,-158.0072,Rain,84.15,62,75,15.01
487,Maceio,BR,2022-04-01 01:32:41,-9.6658,-35.7353,Clouds,74.64,94,40,3.44
488,Kenai,US,2022-04-01 01:33:18,60.5544,-151.2583,Clouds,44.69,70,100,20.71
489,Naze,JP,2022-04-01 01:35:42,28.3667,129.4833,Rain,65.32,66,94,17.94
490,Hailar,CN,2022-04-01 01:35:42,49.2,119.7,Clouds,26.62,53,51,9.62
491,Batagay-Alyta,RU,2022-04-01 01:35:42,67.8006,130.4114,Clouds,4.51,75,40,4.92
492,Skibbereen,IE,2022-04-01 01:34:28,51.55,-9.2667,Clear,36.1,78,5,10.02
493,Mandurah,AU,2022-04-01 01:30:47,-32.55,115.7,Clouds,77.9,61,13,11.45
494,Katymar,HU,2022-04-01 01:35:42,46.034,19.2094,Clouds,52.14,83,100,8.79
495,Guaraciaba Do Norte,BR,2022-04-01 01:35:43,-4.1669,-40.7475,Clouds,65.77,93,99,2.44
496,Ratne,UA,2022-04-01 01:35:43,51.6683,24.5303,Snow,32.13,98,100,18.45
497,Muros,ES,2022-04-01 01:35:43,42.7762,-9.0603,Clouds,48.09,70,59,13.58
498,Shubarkuduk,KZ,2022-04-01 01:35:43,49.1447,56.4872,Clear,30.42,85,5,4.79
499,Davila,PH,2022-04-01 01:35:44,18.4726,120.5763,Clear,85.98,68,8,21.9
500,Manavgat,TR,2022-04-01 01:35:44,36.7867,31.4431,Clouds,57.87,46,74,3.98
501,Kurumkan,RU,2022-04-01 01:35:44,54.3,110.3,Clouds,23.52,91,99,2.26
502,Scarborough,GB,2022-04-01 01:34:51,54.2797,-0.4044,Clear,36.16,87,6,5.99
503,Severnoye,RU,2022-04-01 01:35:44,56.3491,78.3619,Clouds,32.88,98,100,11.25
504,Port Lincoln,AU,2022-04-01 01:34:21,-34.7333,135.8667,Clear,64.85,57,9,22.3
505,Namibe,AO,2022-04-01 01:35:45,-15.1961,12.1522,Clouds,72.14,75,91,7.45
506,Piranshahr,IR,2022-04-01 01:35:45,36.701,45.1413,Clear,41.59,50,1,3.22
507,Gorontalo,ID,2022-04-01 01:35:45,0.5412,123.0595,Clouds,87.89,58,99,3.13
508,Quartucciu,IT,2022-04-01 01:36:46,39.2519,9.1794,Clouds,55.04,77,40,9.22
509,Kirakira,SB,2022-04-01 01:36:46,-10.4544,161.9205,Rain,82.78,79,100,5.55
510,Buin,CL,2022-04-01 01:36:46,-33.7333,-70.75,Clear,71.87,21,0,3.27
511,Hlobyne,UA,2022-04-01 01:36:46,49.3878,33.2596,Clouds,49.62,78,100,9.24
512,Porlamar,VE,2022-04-01 01:36:47,10.958,-63.8491,Clouds,76.95,84,99,17.05
513,San Quintin,MX,2022-04-01 01:36:47,30.4833,-115.95,Clouds,58.78,74,46,13.69
514,Flin Flon,CA,2022-04-01 01:36:47,54.7682,-101.865,Clouds,28.67,92,100,9.6
515,Torrington,US,2022-04-01 01:36:47,41.8007,-73.1212,Rain,59.85,96,95,7.0
516,Maragogi,BR,2022-04-01 01:36:48,-9.0122,-35.2225,Clouds,78.01,76,100,3.6
517,Tocopilla,CL,2022-04-01 01:36:48,-22.092,-70.1979,Clear,67.1,71,3,4.41
518,Bathsheba,BB,2022-04-01 01:35:46,13.2167,-59.5167,Clouds,77.61,78,75,27.63
519,Chalus,IR,2022-04-01 01:36:48,36.655,51.4204,Clouds,47.66,100,40,2.3
520,Oda,JP,2022-04-01 01:36:48,35.1833,132.5,Clouds,48.97,48,100,19.1
521,Awbari,LY,2022-04-01 01:36:49,26.5921,12.7805,Clouds,68.99,20,96,9.28
522,Harper,LR,2022-04-01 01:36:49,4.375,-7.7169,Clouds,79.36,87,16,5.79
523,Batemans Bay,AU,2022-04-01 01:36:49,-35.7167,150.1833,Clouds,61.11,74,100,20.15
524,Petukhovo,RU,2022-04-01 01:36:50,55.0692,67.9019,Clouds,28.71,98,96,6.89
525,Le Mans,FR,2022-04-01 01:36:50,48.0,0.2,Clear,35.53,75,0,5.75
526,Saint-Francois,FR,2022-04-01 01:36:50,46.4154,3.9054,Mist,33.67,99,100,8.05
527,Phon Thong,TH,2022-04-01 01:36:50,16.3016,103.9768,Clouds,85.95,63,99,21.83
528,Lakheri,IN,2022-04-01 01:36:51,25.6667,76.1667,Clear,80.62,13,0,3.44
529,Mangrol,IN,2022-04-01 01:36:51,21.1167,70.1167,Clear,75.79,74,0,4.76
530,Mount Isa,AU,2022-04-01 01:36:51,-20.7333,139.5,Clear,83.97,21,0,10.36
531,Turukhansk,RU,2022-04-01 01:36:52,65.8167,87.9833,Snow,15.73,94,100,16.33
532,Monrovia,LR,2022-04-01 01:36:52,6.3005,-10.7969,Rain,79.7,88,46,6.06
533,Axim,GH,2022-04-01 01:36:52,4.8699,-2.2405,Clouds,79.56,85,61,5.3
534,Conceicao Da Barra,BR,2022-04-01 01:36:52,-18.5933,-39.7322,Clear,76.57,88,4,5.3
535,Cascais,PT,2022-04-01 01:36:53,38.6979,-9.4215,Clouds,55.94,70,12,20.0
536,Nuuk,GL,2022-04-01 01:35:06,64.1835,-51.7216,Clouds,29.01,100,20,9.22
537,Madimba,TZ,2022-04-01 01:36:53,-10.4,40.3333,Clouds,75.83,91,100,5.06
538,Vanavara,RU,2022-04-01 01:33:49,60.34,102.2797,Clouds,28.15,72,100,11.52
539,Gweru,ZW,2022-04-01 01:36:53,-19.45,29.8167,Clear,57.34,72,0,6.22
540,Kant,IN,2022-04-01 01:36:53,27.8,79.8,Clear,79.92,18,0,3.4
541,Malanje,AO,2022-04-01 01:36:54,-9.5402,16.341,Clouds,64.81,96,97,1.39
542,Laguna,US,2022-04-01 01:35:24,38.421,-121.4238,Clear,72.07,29,0,8.05
543,Cumra,TR,2022-04-01 01:36:54,37.5732,32.7745,Clouds,39.34,51,19,6.87
544,Khasan,RU,2022-04-01 01:36:54,42.4308,130.6434,Clear,41.94,33,0,13.94
545,Nouakchott,MR,2022-04-01 01:36:55,18.0858,-15.9785,Clear,73.33,58,0,13.82
546,Pastavy,BY,2022-04-01 01:36:55,55.1168,26.8326,Clouds,26.6,57,100,11.03
547,Manbij,SY,2022-04-01 01:36:55,36.5281,37.9549,Clouds,55.15,51,100,5.93
548,Chumikan,RU,2022-04-01 01:34:38,54.7183,135.315,Clouds,23.41,67,57,13.76
549,Mackay,AU,2022-04-01 01:35:02,-21.15,149.2,Clear,89.69,70,0,12.66
550,Sisimiut,GL,2022-04-01 01:33:04,66.9395,-53.6735,Clouds,15.69,87,68,4.61
551,Ratnagiri,IN,2022-04-01 01:36:55,16.9833,73.3,Clear,77.2,61,0,5.93
552,Lamar,US,2022-04-01 01:32:00,33.6668,-95.5836,Clear,55.31,44,0,6.91
553,Hot Springs,US,2022-04-01 01:37:03,34.5037,-93.0552,Clear,48.6,59,0,8.05
554,Luganville,VU,2022-04-01 01:37:56,-15.5333,167.1667,Clouds,84.54,77,99,6.73
555,Krasnoselkup,RU,2022-04-01 01:37:56,65.7,82.4667,Clouds,12.76,91,98,16.31
556,Marawi,PH,2022-04-01 01:37:56,7.9986,124.2928,Clouds,79.48,68,90,2.24
557,Bardiyah,LY,2022-04-01 01:37:57,31.7561,25.0865,Clouds,67.5,31,100,13.58
558,Tongren,CN,2022-04-01 01:37:57,27.7172,109.1853,Rain,51.35,90,100,4.94
559,Venustiano Carranza,MX,2022-04-01 01:37:57,19.43,-99.0992,Clouds,77.14,16,40,11.5
560,Tsubata,JP,2022-04-01 01:37:57,36.6667,136.7333,Clouds,49.19,40,100,10.49
561,Lensk,RU,2022-04-01 01:37:58,60.7253,114.9278,Snow,32.43,92,100,12.41
562,Gizycko,PL,2022-04-01 01:37:58,54.0381,21.7644,Clouds,29.26,43,100,13.24
563,Adrar,MR,2022-04-01 01:34:36,20.5022,-10.0711,Clouds,69.03,17,36,9.4
564,La Libertad,EC,2022-04-01 01:36:23,-2.2333,-80.9,Clouds,76.05,83,100,6.67
565,Cahors,FR,2022-04-01 01:37:58,44.4167,1.3333,Snow,34.68,97,100,13.78
566,Wanning,CN,2022-04-01 01:37:59,18.8003,110.3967,Clouds,73.78,93,100,11.5
567,Mbour,SN,2022-04-01 01:37:59,14.422,-16.9638,Clear,68.85,62,0,11.86
568,Aksarka,RU,2022-04-01 01:36:15,66.5606,67.7975,Clouds,11.52,89,98,13.76
569,Altar,MX,2022-04-01 01:37:59,30.7,-111.8167,Clear,72.61,18,0,15.66
570,Bastia,FR,2022-04-01 01:37:59,42.6667,9.3333,Clouds,56.3,62,100,11.01
571,Hasaki,JP,2022-04-01 01:38:00,35.7333,140.8333,Rain,43.29,58,100,20.98
572,Sandakan,MY,2022-04-01 01:38:00,5.8402,118.1179,Clouds,82.08,78,20,5.99
573,Bosansko Grahovo,BA,2022-04-01 01:38:00,44.1794,16.3639,Clouds,45.66,98,100,6.73
574,Husavik,IS,2022-04-01 01:38:01,66.0449,-17.3389,Snow,32.43,98,100,3.27
575,Mazara Del Vallo,IT,2022-04-01 01:38:01,37.6641,12.588,Clouds,58.93,74,43,17.22
576,Saldanha,ZA,2022-04-01 01:38:01,-33.0117,17.9442,Clear,57.25,80,0,18.81
577,Zemio,CF,2022-04-01 01:38:02,5.0314,25.1361,Clouds,75.38,65,74,2.59
578,Lerwick,GB,2022-04-01 01:38:02,60.1545,-1.1494,Clouds,33.8,62,28,12.21
579,Tigil,RU,2022-04-01 01:38:02,57.8,158.6667,Clouds,23.09,69,100,13.38
580,Karlstad,SE,2022-04-01 01:38:02,59.3793,13.5036,Clouds,21.76,93,11,6.91
581,Eyl,SO,2022-04-01 01:34:46,7.9803,49.8164,Clouds,78.42,87,32,9.04
582,Pimentel,PE,2022-04-01 01:38:03,-6.8367,-79.9342,Clouds,70.34,83,100,12.71
583,Beira,MZ,2022-04-01 01:38:03,-19.8436,34.8389,Clouds,73.33,93,16,3.51
584,Surt,LY,2022-04-01 01:38:03,31.2089,16.5887,Clouds,65.77,62,100,5.68
585,Zonguldak,TR,2022-04-01 01:38:03,41.25,31.8333,Clouds,54.0,58,100,7.34
586,Jamame,SO,2022-04-01 01:38:04,0.0722,42.7506,Rain,78.87,82,100,7.31
587,Farmington,US,2022-04-01 01:33:13,36.7281,-108.2187,Clouds,54.7,41,100,10.36
588,Manoel Urbano,BR,2022-04-01 01:38:04,-8.8389,-69.2597,Clouds,73.27,99,100,4.61
589,Luoyang,CN,2022-04-01 01:35:08,34.6836,112.4536,Clouds,57.04,33,99,5.53
590,Novorzhev,RU,2022-04-01 01:38:04,57.0294,29.3338,Clouds,20.12,88,69,2.75
591,Oromocto,CA,2022-04-01 01:34:40,45.8351,-66.4792,Mist,38.25,100,100,4.61
592,Dekar,BW,2022-04-01 01:38:05,-21.5333,21.9333,Clear,68.22,68,3,3.18
593,At-Bashi,KG,2022-04-01 01:38:05,41.1702,75.8106,Clear,32.07,67,7,5.64
594,Ixtapa,MX,2022-04-01 01:38:05,20.7,-105.2,Clouds,72.63,68,40,12.66
595,Hanna,CA,2022-04-01 01:36:40,51.6334,-111.9018,Clouds,41.86,40,29,20.0
596,Presidencia Roque Saenz Pena,AR,2022-04-01 01:35:41,-26.7852,-60.4388,Clear,50.81,64,2,5.23
597,Katobu,ID,2022-04-01 01:39:06,-4.9408,122.5276,Clouds,79.68,85,100,3.31
598,Elmadag,TR,2022-04-01 01:39:06,39.9208,33.2308,Clouds,51.35,61,100,6.08
599,Port Hedland,AU,2022-04-01 01:39:06,-20.3167,118.5667,Clouds,89.65,55,35,3.44
600,Zlobin,HR,2022-04-01 01:39:06,45.2924,14.6541,Clouds,44.15,97,75,5.75
601,Baykit,RU,2022-04-01 01:39:07,61.67,96.37,Clouds,22.05,84,100,6.89
602,Bereda,ES,2022-04-01 01:39:07,43.2686,-7.5406,Clouds,35.15,93,40,3.27
603,Folldal,NO,2022-04-01 01:39:07,62.1325,9.9968,Clouds,11.21,95,100,4.21
604,Tarauaca,BR,2022-04-01 01:39:07,-8.1614,-70.7656,Clouds,73.81,98,100,1.19
605,Dale,US,2022-04-01 01:39:08,38.1689,-86.99,Clouds,40.78,87,100,9.22
606,Langres,FR,2022-04-01 01:39:08,47.8333,5.3333,Snow,31.19,95,95,13.33
607,Ulaangom,MN,2022-04-01 01:39:08,49.9811,92.0667,Clouds,18.18,91,99,3.15
608,Nushki,PK,2022-04-01 01:39:08,29.5542,66.0215,Clear,61.45,13,0,1.07
609,Canta,TR,2022-04-01 01:39:09,41.1181,28.0803,Clear,59.47,44,0,10.36
610,Brandenburg,DE,2022-04-01 01:39:09,52.4167,12.55,Clouds,37.9,48,100,14.2
611,Burnie,AU,2022-04-01 01:39:09,-41.0667,145.9167,Clear,67.91,46,0,3.65
612,La Asuncion,VE,2022-04-01 01:39:10,11.0333,-63.8628,Clouds,76.51,85,99,16.13
613,Fenoarivo,MG,2022-04-01 01:39:10,-18.933,47.4354,Clouds,57.61,83,61,9.06
614,Capiibary,PY,2022-04-01 01:39:10,-24.8,-56.0333,Clouds,59.76,46,99,6.04
615,Kanlagay,PH,2022-04-01 01:39:10,5.8757,121.2915,Clouds,84.88,72,49,6.31
616,Acarau,BR,2022-04-01 01:39:11,-2.8856,-40.12,Clouds,76.28,84,100,7.72
617,Toppenish,US,2022-04-01 01:39:11,46.3774,-120.3087,Clouds,58.3,34,15,4.45
618,Port Macquarie,AU,2022-04-01 01:35:11,-31.4333,152.9167,Clouds,71.89,70,100,17.27
619,Kudahuvadhoo,MV,2022-04-01 01:39:11,2.6708,72.8944,Clear,82.49,70,5,4.61
620,Mehamn,NO,2022-04-01 01:39:12,71.0357,27.8492,Snow,24.58,73,100,8.3
621,Oriximina,BR,2022-04-01 01:39:12,-1.7656,-55.8661,Clouds,73.35,96,100,3.4
622,Fort Nelson,CA,2022-04-01 01:36:39,58.8053,-122.7002,Clouds,27.99,50,40,9.22
623,Montrose,US,2022-04-01 01:39:12,38.4166,-108.2673,Clouds,45.97,79,99,10.38
624,Hauterive,FR,2022-04-01 01:39:12,46.0901,3.4459,Snow,36.36,99,100,11.72
625,Sao Joao Da Barra,BR,2022-04-01 01:39:13,-21.6403,-41.0511,Clouds,74.98,88,36,8.39
626,Mahajanga,MG,2022-04-01 01:39:13,-15.7167,46.3167,Thunderstorm,69.82,94,40,6.91
627,Montepuez,MZ,2022-04-01 01:39:13,-13.1256,38.9997,Clouds,66.49,99,29,2.08
628,Guarapari,BR,2022-04-01 01:39:14,-20.6667,-40.4975,Clear,78.89,92,4,6.02
629,Wasilla,US,2022-04-01 01:39:14,61.5814,-149.4394,Clear,44.73,49,0,17.27
630,Yagodnoye,RU,2022-04-01 01:39:14,62.55,149.6667,Clouds,7.84,80,100,5.17
631,Vaitape,PF,2022-04-01 01:35:14,-16.5167,-151.75,Clouds,82.09,69,21,14.16
632,Vila,PT,2022-04-01 01:39:14,42.0304,-8.1588,Clouds,39.7,83,61,8.43
633,Nizwa,OM,2022-04-01 01:39:15,22.9333,57.5333,Clear,72.9,32,0,2.21
634,Aleksandrov Gay,RU,2022-04-01 01:39:15,50.147,48.5704,Clouds,45.79,77,82,10.94
635,Chiredzi,ZW,2022-04-01 01:39:15,-21.05,31.6667,Clear,65.5,82,0,1.72
636,Aguimes,ES,2022-04-01 01:39:15,27.9054,-15.4461,Clouds,61.43,72,40,16.11
637,Paredon,MX,2022-04-01 01:39:16,16.0333,-93.8667,Clouds,79.81,72,26,1.99
638,Shingu,JP,2022-04-01 01:39:16,33.7333,135.9833,Clouds,54.77,33,100,6.29
639,Waingapu,ID,2022-04-01 01:39:16,-9.6567,120.2641,Clouds,84.13,74,11,8.21
640,Mnogovershinnyy,RU,2022-04-01 01:39:17,53.9353,139.9242,Clouds,19.27,65,16,8.14
641,Guanare,VE,2022-04-01 01:39:17,9.0418,-69.7421,Clouds,81.84,43,93,2.95
642,Sterling,US,2022-04-01 01:35:25,39.0062,-77.4286,Thunderstorm,67.59,92,75,11.99
643,Chegdomyn,RU,2022-04-01 01:40:17,51.1167,133.0167,Clear,25.03,64,7,4.65
644,Dhidhdhoo,MV,2022-04-01 01:40:17,6.8833,73.1,Clouds,83.03,74,97,6.35
645,Carutapera,BR,2022-04-01 01:40:18,-1.195,-46.02,Clouds,73.92,95,93,1.41
646,Puro,PH,2022-04-01 01:40:18,12.4841,123.3827,Clouds,84.29,68,77,11.63
647,Luena,AO,2022-04-01 01:40:18,-11.7833,19.9167,Rain,60.4,97,56,3.58
648,Faenza,IT,2022-04-01 01:40:18,44.2857,11.8833,Clouds,52.25,95,96,1.01
649,Shushtar,IR,2022-04-01 01:40:19,32.0455,48.8567,Clear,67.93,18,0,2.01
650,Khuzhir,RU,2022-04-01 01:40:19,53.1939,107.3397,Clouds,29.35,80,100,10.54
651,Jijiga,ET,2022-04-01 01:40:19,9.35,42.8,Clear,61.9,63,0,4.03
652,Kiunga,PG,2022-04-01 01:40:20,-6.1219,141.2906,Clouds,87.4,55,96,3.78
653,Pasni,PK,2022-04-01 01:40:20,25.2631,63.471,Clear,78.71,27,0,14.2
654,Luanda,AO,2022-04-01 01:37:38,-8.8368,13.2343,Clouds,78.8,89,75,9.22
655,Vila Do Maio,CV,2022-04-01 01:40:20,15.1333,-23.2167,Clear,70.59,84,9,15.32
656,Ketchikan,US,2022-04-01 01:40:20,55.3422,-131.6461,Clouds,44.58,81,75,11.5
657,Colares,PT,2022-04-01 01:40:21,38.7992,-9.4469,Clouds,55.76,73,14,20.0
658,Myski,RU,2022-04-01 01:40:21,53.709,87.8014,Clouds,33.57,90,100,3.83
659,San Andres Sajcabaja,GT,2022-04-01 01:40:21,15.2167,-90.9167,Clouds,68.18,75,51,0.94
660,Ntungamo,UG,2022-04-01 01:40:22,-0.8833,29.65,Clouds,61.77,92,28,3.96
661,Nelson Bay,AU,2022-04-01 01:38:12,-32.7167,152.15,Rain,66.99,95,72,22.7
662,Urengoy,RU,2022-04-01 01:40:22,65.9667,78.3667,Clouds,15.31,88,100,16.17
663,Roncesvalles,CO,2022-04-01 01:40:22,4.0108,-75.6049,Clouds,51.28,89,96,2.42
664,Gloversville,US,2022-04-01 01:36:51,43.0528,-74.3438,Clouds,55.26,93,100,5.01
665,San Rafael,AR,2022-04-01 01:40:22,-34.6177,-68.3301,Clear,56.32,24,1,8.72
666,Goma,CD,2022-04-01 01:40:23,-1.6792,29.2228,Clouds,60.12,91,26,2.8
667,Puerto Cabezas,NI,2022-04-01 01:40:23,14.0351,-83.3888,Clouds,76.69,88,13,9.1
668,Henties Bay,NA,2022-04-01 01:40:23,-22.116,14.2845,Clear,62.04,87,0,7.43
669,Berlin,DE,2022-04-01 01:36:06,52.5244,13.4105,Clouds,38.98,46,20,18.41
670,Talara,PE,2022-04-01 01:40:24,-4.5772,-81.2719,Clouds,72.34,84,67,11.61
671,Abu Samrah,SY,2022-04-01 01:40:24,35.3029,37.1841,Clouds,56.82,42,35,4.92
672,Qesarya,IL,2022-04-01 01:40:24,32.5189,34.9046,Clear,62.19,46,0,7.65
673,Semey,KZ,2022-04-01 01:40:24,50.4111,80.2275,Clear,32.22,86,0,6.71
674,Bheramara,BD,2022-04-01 01:40:25,24.0232,88.9925,Clouds,83.91,70,11,13.0
675,Am Timan,TD,2022-04-01 01:40:25,11.0297,20.2827,Clouds,81.19,16,26,6.67
676,Manoharpur,IN,2022-04-01 01:40:25,27.3,75.95,Clear,78.17,15,0,4.25
677,Ulaanbaatar,MN,2022-04-01 01:40:19,47.9077,106.8832,Clear,23.13,42,0,2.24
678,Daru,PG,2022-04-01 01:40:25,-9.0763,143.2092,Clouds,82.42,77,97,7.76
